"Target username ""isaDiva"" is associated with User ID ""f1a2b3c4-d5e6-f7a8-b9c0-d1e2f3a4b5c6""",,,,,,,,,,,,,,,,,,,,,,,,,
Date range searched: Jan 01 2023 00:00:00 UTC - Jan 01 2025 00:00:00 UTC,,,,,,,,,,,,,,,,,,,,,,,,,
---------------------------,,,,,,,,,,,,,,,,,,,,,,,,,
Legend,,,,,,,,,,,,,,,,,,,,,,,,,
"  content_type: The type of content sent in the communication such as AudioSnap, Text, ExternalMedia, Sticker, VoiceNote, etc",,,,,,,,,,,,,,,,,,,,,,,,,
"  message_type: The type of message sent in the communication. The value will always be ""Snap"" or ""Chat""",,,,,,,,,,,,,,,,,,,,,,,,,
"  conversation_id: The universally unique identifier (""UUID"") for the one-to-one or group conversation",,,,,,,,,,,,,,,,,,,,,,,,,
  message_id: A non-unique identifier that increases with each message in the particular conversation. (Note: The assigned numerical value does not necessarily indicate the volume of previously exchanged messages.),,,,,,,,,,,,,,,,,,,,,,,,,
"  reply_to_message_id: The message_id of the message that this message replies to, if this message was a reply",,,,,,,,,,,,,,,,,,,,,,,,,
"  conversation_title: The name of the group conversation. If blank, the group conversation has not been named or is a one-to-one conversation",,,,,,,,,,,,,,,,,,,,,,,,,
  sender_username: The username of the account that sent the message,,,,,,,,,,,,,,,,,,,,,,,,,
  sender_user_id: The user ID of the account that sent the message. The UUID is provided in string format,,,,,,,,,,,,,,,,,,,,,,,,,
  recipient_username: The one-to-one username of the account that was the recipient of the message. This is not used for group conversations,,,,,,,,,,,,,,,,,,,,,,,,,
  recipient_user_id: The user ID of the account that received the message. The UUID is provided in string format,,,,,,,,,,,,,,,,,,,,,,,,,
  text: The text of a chat message,,,,,,,,,,,,,,,,,,,,,,,,,
  media_id: The internal ID number for the media file,,,,,,,,,,,,,,,,,,,,,,,,,
"  is_saved: ""TRUE"" if the communications content is saved in the messaging conversation. ""FALSE"" if it is not saved",,,,,,,,,,,,,,,,,,,,,,,,,
"  is_one_on_one: ""TRUE"" if this is a one-to-one conversation. ""FALSE"" if this is a group conversation",,,,,,,,,,,,,,,,,,,,,,,,,
"  timestamp: The timestamp of when the action was performed on Snapchat, the action could be sending a message or setting a wallpaper.",,,,,,,,,,,,,,,,,,,,,,,,,
  group_member_usernames: The username(s) of the account(s) that were part of this group when the message was sent AND are still in this group when the request for this data is submitted,,,,,,,,,,,,,,,,,,,,,,,,,
  group_member_user_ids: The user ID(s) of the account(s) that were part of this group when the message was sent AND are still in this group when the request for this data is submitted,,,,,,,,,,,,,,,,,,,,,,,,,
"  reactions: The reactions from users to this message. It can contain one or more reactions, and each single reaction is {user_id}-{reaction_integer}. The reaction integer is defined as: 1 for Love, 2 for Laugh Cry, 3 for Fire, 4 for Thumbs Up, 5 for Thumbs Down, 6 for Sad Cry, 7 for Wow.",,,,,,,,,,,,,,,,,,,,,,,,,
  saved_by: The user ID(s) of the account(s) that saved the content to chat. The UUID is provided in string format,,,,,,,,,,,,,,,,,,,,,,,,,
  screenshotted_by: The user ID(s) of the account(s) that have screenshotted the content. The UUID is provided in string format,,,,,,,,,,,,,,,,,,,,,,,,,
  replayed_by: The user ID(s) of the account(s) that replayed the content. The UUID is provided in string format,,,,,,,,,,,,,,,,,,,,,,,,,
  screen_recorded_by: The user ID(s) of the account(s) that have screen recorded the content. The UUID is provided in string format,,,,,,,,,,,,,,,,,,,,,,,,,
  read_by: The user ID(s) of the account(s) that viewed the content. The UUID is provided in string format,,,,,,,,,,,,,,,,,,,,,,,,,
  chat_wallpaper_setter_id: The user ID of the account that set the wallpaper,,,,,,,,,,,,,,,,,,,,,,,,,
"  upload_ip: IP address associated with the media upload. Upload IPs may be available for some Snapchat media. When upload IPs are available, they will appear in this field.",,,,,,,,,,,,,,,,,,,,,,,,,
  source_port_number: The source port number associated with the IP address of the media upload.,,,,,,,,,,,,,,,,,,,,,,,,,
===========================,,,,,,,,,,,,,,,,,,,,,,,,,
content_type,message_type,conversation_id,message_id,reply_to_message_id,conversation_title,sender_username,sender_user_id,recipient_username,recipient_user_id,text,media_id,is_saved,is_one_on_one,timestamp,group_member_usernames,group_member_user_ids,reactions,saved_by,screenshotted_by,replayed_by,screen_recorded_by,read_by,chat_wallpaper_setter_id,upload_ip,source_port_number
Text,CHAT,a1b2c3d4-e5f6-a7b8-c9d0-e1f2a3b4c5d6,101,,Audition Room Drama,chloeStar,11aa22bb-33cc-44dd-55ee-66ff77aa88bb,,,Did anyone else notice the time for the 'Starlight' callback was... adjusted? Just curious.,,TRUE,FALSE,Mon Oct 23 14:30:15 UTC 2023,isaDiva;julianVance;chloeStar;marcusTheMenace,f1a2b3c4-d5e6-f7a8-b9c0-d1e2f3a4b5c6;a1b2c3d4-e5f6-a7b8-c9d0-e1f2a3b4c5d6;11aa22bb-33cc-44dd-55ee-66ff77aa88bb;99zz88yy-77xx-66ww-55vv-44uu33tt22ss,,,,f1a2b3c4-d5e6-f7a8-b9c0-d1e2f3a4b5c6;a1b2c3d4-e5f6-a7b8-c9d0-e1f2a3b4c5d6;99zz88yy-77xx-66ww-55vv-44uu33tt22ss,,,,,
Text,CHAT,a1b2c3d4-e5f6-a7b8-c9d0-e1f2a3b4c5d6,102,101,Audition Room Drama,julianVance,a1b2c3d4-e5f6-a7b8-c9d0-e1f2a3b4c5d6,,,Adjusted how- darling? Some of us have packed schedules. Punctuality is a virtue.,,TRUE,FALSE,Mon Oct 23 14:31:02 UTC 2023,isaDiva;julianVance;chloeStar;marcusTheMenace,f1a2b3c4-d5e6-f7a8-b9c0-d1e2f3a4b5c6;a1b2c3d4-e5f6-a7b8-c9d0-e1f2a3b4c5d6;11aa22bb-33cc-44dd-55ee-66ff77aa88bb;99zz88yy-77xx-66ww-55vv-44uu33tt22ss,f1a2b3c4-d5e6-f7a8-b9c0-d1e2f3a4b5c6-4,f1a2b3c4-d5e6-f7a8-b9c0-d1e2f3a4b5c6,,,f1a2b3c4-d5e6-f7a8-b9c0-d1e2f3a4b5c6;11aa22bb-33cc-44dd-55ee-66ff77aa88bb;99zz88yy-77xx-66ww-55vv-44uu33tt22ss,,,,
Text,CHAT,a1b2c3d4-e5f6-a7b8-c9d0-e1f2a3b4c5d6,103,,Audition Room Drama,isaDiva,f1a2b3c4-d5e6-f7a8-b9c0-d1e2f3a4b5c6,,,Oh! I'm sure it was just a simple mistake. Casting directors are just SO overwhelmed. It's not like anyone would intentionally try to get an earlier slot to throw others off. That would be terribly unprofessional.,,TRUE,FALSE,Mon Oct 23 14:32:45 UTC 2023,isaDiva;julianVance;chloeStar;marcusTheMenace,f1a2b3c4-d5e6-f7a8-b9c0-d1e2f3a4b5c6;a1b2c3d4-e5f6-a7b8-c9d0-e1f2a3b4c5d6;11aa22bb-33cc-44dd-55ee-66ff77aa88bb;99zz88yy-77xx-66ww-55vv-44uu33tt22ss,a1b2c3d4-e5f6-a7b8-c9d0-e1f2a3b4c5d6-7,f1a2b3c4-d5e6-f7a8-b9c0-d1e2f3a4b5c6;a1b2c3d4-e5f6-a7b8-c9d0-e1f2a3b4c5d6,a1b2c3d4-e5f6-a7b8-c9d0-e1f2a3b4c5d6,,f1a2b3c4-d5e6-f7a8-b9c0-d1e2f3a4b5c6;a1b2c3d4-e5f6-a7b8-c9d0-e1f2a3b4c5d6;11aa22bb-33cc-44dd-55ee-66ff77aa88bb;99zz88yy-77xx-66ww-55vv-44uu33tt22ss,,,,
Text,CHAT,a1b2c3d4-e5f6-a7b8-c9d0-e1f2a3b4c5d6,104,103,Audition Room Drama,chloeStar,11aa22bb-33cc-44dd-55ee-66ff77aa88bb,,,Exactly Isabella! That's what I thought too. It's just... my agent got the updated time at 3 AM. Seemed odd is all. But I'm sure Julian's agent was just being extra diligent for him! So thoughtful.,,TRUE,FALSE,Mon Oct 23 14:34:11 UTC 2023,isaDiva;julianVance;chloeStar;marcusTheMenace,f1a2b3c4-d5e6-f7a8-b9c0-d1e2f3a4b5c6;a1b2c3d4-e5f6-a7b8-c9d0-e1f2a3b4c5d6;11aa22bb-33cc-44dd-55ee-66ff77aa88bb;99zz88yy-77xx-66ww-55vv-44uu33tt22ss,f1a2b3c4-d5e6-f7a8-b9c0-d1e2f3a4b5c6-2,11aa22bb-33cc-44dd-55ee-66ff77aa88bb,,,f1a2b3c4-d5e6-f7a8-b9c0-d1e2f3a4b5c6;a1b2c3d4-e5f6-a7b8-c9d0-e1f2a3b4c5d6;99zz88yy-77xx-66ww-55vv-44uu33tt22ss,,,,
Text,CHAT,a1b2c3d4-e5f6-a7b8-c9d0-e1f2a3b4c5d6,105,,Audition Room Drama,marcusTheMenace,99zz88yy-77xx-66ww-55vv-44uu33tt22ss,,,This discourse is irrelevant. The art cares not for your temporal squabbles. I am currently communing with the spirit of the character. Please do not disturb my process with such trivialities.,,TRUE,FALSE,Mon Oct 23 14:35:59 UTC 2023,isaDiva;julianVance;chloeStar;marcusTheMenace,f1a2b3c4-d5e6-f7a8-b9c0-d1e2f3a4b5c6;a1b2c3d4-e5f6-a7b8-c9d0-e1f2a3b4c5d6;11aa22bb-33cc-44dd-55ee-66ff77aa88bb;99zz88yy-77xx-66ww-55vv-44uu33tt22ss,a1b2c3d4-e5f6-a7b8-c9d0-e1f2a3b4c5d6-5,99zz88yy-77xx-66ww-55vv-44uu33tt22ss,,,f1a2b3c4-d5e6-f7a8-b9c0-d1e2f3a4b5c6;a1b2c3d4-e5f6-a7b8-c9d0-e1f2a3b4c5d6;11aa22bb-33cc-44dd-55ee-66ff77aa88bb,,,,
Text,CHAT,b2c3d4e5-f6a7-b8c9-d0e1-f2a3b4c5d6e7,201,,,isaDiva,f1a2b3c4-d5e6-f7a8-b9c0-d1e2f3a4b5c6,julianVance,a1b2c3d4-e5f6-a7b8-c9d0-e1f2a3b4c5d6,Julian. A word. Your 'improvisation' in our scene today was... a choice.,,TRUE,TRUE,Tue Nov 07 21:15:03 UTC 2023,isaDiva;julianVance,f1a2b3c4-d5e6-f7a8-b9c0-d1e2f3a4b5c6;a1b2c3d4-e5f6-a7b8-c9d0-e1f2a3b4c5d6,,f1a2b3c4-d5e6-f7a8-b9c0-d1e2f3a4b5c6,,,f1a2b3c4-d5e6-f7a8-b9c0-d1e2f3a4b5c6;a1b2c3d4-e5f6-a7b8-c9d0-e1f2a3b4c5d6,,,,
Text,CHAT,b2c3d4e5-f6a7-b8c9-d0e1-f2a3b4c5d6e7,202,201,,julianVance,a1b2c3d4-e5f6-a7b8-c9d0-e1f2a3b4c5d6,isaDiva,f1a2b3c4-d5e6-f7a8-b9c0-d1e2f3a4b5c6,Isabella. My love! I was simply feeling the moment. The character is meant to be unpredictable. No? I thought it added a wonderful spark.,,TRUE,TRUE,Tue Nov 07 21:16:22 UTC 2023,isaDiva;julianVance,f1a2b3c4-d5e6-f7a8-b9c0-d1e2f3a4b5c6;a1b2c3d4-e5f6-a7b8-c9d0-e1f2a3b4c5d6,,a1b2c3d4-e5f6-a7b8-c9d0-e1f2a3b4c5d6,,,f1a2b3c4-d5e6-f7a8-b9c0-d1e2f3a4b5c6;a1b2c3d4-e5f6-a7b8-c9d0-e1f2a3b4c5d6,,,,
Text,CHAT,b2c3d4e5-f6a7-b8c9-d0e1-f2a3b4c5d6e7,203,,,isaDiva,f1a2b3c4-d5e6-f7a8-b9c0-d1e2f3a4b5c6,julianVance,a1b2c3d4-e5f6-a7b8-c9d0-e1f2a3b4c5d6,"The ""spark"" nearly set my wig on fire. Remember, dear boy, this is a dance. We are partners. It is not a solo performance. The camera needs to know where to look.",,TRUE,TRUE,Tue Nov 07 21:18:01 UTC 2023,isaDiva;julianVance,f1a2b3c4-d5e6-f7a8-b9c0-d1e2f3a4b5c6;a1b2c3d4-e5f6-a7b8-c9d0-e1f2a3b4c5d6,,f1a2b3c4-d5e6-f7a8-b9c0-d1e2f3a4b5c6,,,f1a2b3c4-d5e6-f7a8-b9c0-d1e2f3a4b5c6;a1b2c3d4-e5f6-a7b8-c9d0-e1f2a3b4c5d6,,,,
Text,CHAT,b2c3d4e5-f6a7-b8c9-d0e1-f2a3b4c5d6e7,204,203,,julianVance,a1b2c3d4-e5f6-a7b8-c9d0-e1f2a3b4c5d6,isaDiva,f1a2b3c4-d5e6-f7a8-b9c0-d1e2f3a4b5c6,Of course. My only goal is to elevate the scene. And you. I would never dream of pulling focus. Your close-up is safe. For now.,,TRUE,TRUE,Tue Nov 07 21:19:34 UTC 2023,isaDiva;julianVance,f1a2b3c4-d5e6-f7a8-b9c0-d1e2f3a4b5c6;a1b2c3d4-e5f6-a7b8-c9d0-e1f2a3b4c5d6,,a1b2c3d4-e5f6-a7b8-c9d0-e1f2a3b4c5d6,f1a2b3c4-d5e6-f7a8-b9c0-d1e2f3a4b5c6,,f1a2b3c4-d5e6-f7a8-b9c0-d1e2f3a4b5c6;a1b2c3d4-e5f6-a7b8-c9d0-e1f2a3b4c5d6,,,,
Text,CHAT,c3d4e5f6-a7b8-b9c0-d1e2-f3a4b5c6d7e8,301,,,julianVance,a1b2c3d4-e5f6-a7b8-c9d0-e1f2a3b4c5d6,castingDirector_D,c45d6e7f-8a9b-0c1d-2e3f-4a5b6c7d8e9f,"Dominic, darling. Julian Vance. Just following up on the ""Starlight"" lead. I feel such a connection to the material.",,FALSE,TRUE,Wed Nov 15 18:02:11 UTC 2023,julianVance;castingDirector_D,a1b2c3d4-e5f6-a7b8-c9d0-e1f2a3b4c5d6;c45d6e7f-8a9b-0c1d-2e3f-4a5b6c7d8e9f,,,,,,,,,
Text,CHAT,c3d4e5f6-a7b8-b9c0-d1e2-f3a4b5c6d7e8,302,301,,castingDirector_D,c45d6e7f-8a9b-0c1d-2e3f-4a5b6c7d8e9f,julianVance,a1b2c3d4-e5f6-a7b8-c9d0-e1f2a3b4c5d6,"Julian. Good to hear from you. The competition is... fierce. We're looking for an actor with true, palpable dedication.",,FALSE,TRUE,Wed Nov 15 18:05:45 UTC 2023,julianVance;castingDirector_D,a1b2c3d4-e5f6-a7b8-c9d0-e1f2a3b4c5d6;c45d6e7f-8a9b-0c1d-2e3f-4a5b6c7d8e9f,,,,,,,,,
Text,CHAT,c3d4e5f6-a7b8-b9c0-d1e2-f3a4b5c6d7e8,303,,,julianVance,a1b2c3d4-e5f6-a7b8-c9d0-e1f2a3b4c5d6,castingDirector_D,c45d6e7f-8a9b-0c1d-2e3f-4a5b6c7d8e9f,I can assure you that my dedication is limitless. I'm willing to do whatever it takes to truly understand the role. Private coaching and extra rehearsals... you name it.,,TRUE,TRUE,Wed Nov 15 18:07:19 UTC 2023,julianVance;castingDirector_D,a1b2c3d4-e5f6-a7b8-c9d0-e1f2a3b4c5d6;c45d6e7f-8a9b-0c1d-2e3f-4a5b6c7d8e9f,,a1b2c3d4-e5f6-a7b8-c9d0-e1f2a3b4c5d6,,,a1b2c3d4-e5f6-a7b8-c9d0-e1f2a3b4c5d6;c45d6e7f-8a9b-0c1d-2e3f-4a5b6c7d8e9f,,,,
Text,CHAT,c3d4e5f6-a7b8-b9c0-d1e2-f3a4b5c6d7e8,304,303,,castingDirector_D,c45d6e7f-8a9b-0c1d-2e3f-4a5b6c7d8e9f,julianVance,a1b2c3d4-e5f6-a7b8-c9d0-e1f2a3b4c5d6,"Let's talk offline. My office, tomorrow. 8 PM. We can discuss the... nuances... of the character. Come alone.",,TRUE,TRUE,Wed Nov 15 18:09:03 UTC 2023,julianVance;castingDirector_D,a1b2c3d4-e5f6-a7b8-c9d0-e1f2a3b4c5d6;c45d6e7f-8a9b-0c1d-2e3f-4a5b6c7d8e9f,,c45d6e7f-8a9b-0c1d-2e3f-4a5b6c7d8e9f,,,a1b2c3d4-e5f6-a7b8-c9d0-e1f2a3b4c5d6;c45d6e7f-8a9b-0c1d-2e3f-4a5b6c7d8e9f,,,,
Text,CHAT,d4e5f6a7-b8c9-d0e1-f2a3-b4c5d6e7f8a9,401,,Premiere Afterparty,isaDiva,f1a2b3c4-d5e6-f7a8-b9c0-d1e2f3a4b5c6,,,Can anyone tell me if this is champagne or sparkling cider? My palate is insulted.,,TRUE,FALSE,Fri Dec 08 22:10:54 UTC 2023,isaDiva;chloeStar;seraphina,f1a2b3c4-d5e6-f7a8-b9c0-d1e2f3a4b5c6;11aa22bb-33cc-44dd-55ee-66ff77aa88bb;e67f8a9b-0c1d-2e3f-4a5b-6c7d8e9f0a1b,,,,f1a2b3c4-d5e6-f7a8-b9c0-d1e2f3a4b5c6;11aa22bb-33cc-44dd-55ee-66ff77aa88bb;e67f8a9b-0c1d-2e3f-4a5b-6c7d8e9f0a1b,,,,,
Text,CHAT,d4e5f6a7-b8c9-d0e1-f2a3-b4c5d6e7f8a9,402,401,Premiere Afterparty,chloeStar,11aa22bb-33cc-44dd-55ee-66ff77aa88bb,,,"Forget the drinks. Did you SEE Julian schmoozing with Dominic? He hasn't left his side all night. I guess his """"dedication"""" really paid off.",,TRUE,FALSE,Fri Dec 08 22:11:37 UTC 2023,isaDiva;chloeStar;seraphina,f1a2b3c4-d5e6-f7a8-b9c0-d1e2f3a4b5c6;11aa22bb-33cc-44dd-55ee-66ff77aa88bb;e67f8a9b-0c1d-2e3f-4a5b-6c7d8e9f0a1b,f1a2b3c4-d5e6-f7a8-b9c0-d1e2f3a4b5c6-7,f1a2b3c4-d5e6-f7a8-b9c0-d1e2f3a4b5c6,,,f1a2b3c4-d5e6-f7a8-b9c0-d1e2f3a4b5c6;11aa22bb-33cc-44dd-55ee-66ff77aa88bb;e67f8a9b-0c1d-2e3f-4a5b-6c7d8e9f0a1b,,,,
Text,CHAT,d4e5f6a7-b8c9-d0e1-f2a3-b4c5d6e7f8a9,403,,Premiere Afterparty,seraphina,e67f8a9b-0c1d-2e3f-4a5b-6c7d8e9f0a1b,,,Some people just have a talent for... networking. It's a very specific skill set. Not everyone has the stomach for it.,,TRUE,FALSE,Fri Dec 08 22:13:02 UTC 2023,isaDiva;chloeStar;seraphina,f1a2b3c4-d5e6-f7a8-b9c0-d1e2f3a4b5c6;11aa22bb-33cc-44dd-55ee-66ff77aa88bb;e67f8a9b-0c1d-2e3f-4a5b-6c7d8e9f0a1b,11aa22bb-33cc-44dd-55ee-66ff77aa88bb-2,e67f8a9b-0c1d-2e3f-4a5b-6c7d8e9f0a1b,,,f1a2b3c4-d5e6-f7a8-b9c0-d1e2f3a4b5c6;11aa22bb-33cc-44dd-55ee-66ff77aa88bb;e67f8a9b-0c1d-2e3f-4a5b-6c7d8e9f0a1b,,,,
Text,CHAT,e5f6a7b8-c9d0-e1f2-f3a4-b4c5d6e7f8a9b0c1,501,,,agentProvocateur,d56e7f8a-9b0c-1d2e-3f4a-5b6c7d8e9f0a,chloeStar,11aa22bb-33cc-44dd-55ee-66ff77aa88bb,Chloe. I've been watching your career. Such talent. It's a shame to see it wasted.,,FALSE,TRUE,Sat Jan 06 11:45:10 UTC 2024,agentProvocateur;chloeStar,d56e7f8a-9b0c-1d2e-3f4a-5b6c7d8e9f0a;11aa22bb-33cc-44dd-55ee-66ff77aa88bb,,,,,,,,,
Text,CHAT,e5f6a7b8-c9d0-e1f2-f3a4-b4c5d6e7f8a9b0c1,502,501,,chloeStar,11aa22bb-33cc-44dd-55ee-66ff77aa88bb,agentProvocateur,d56e7f8a-9b0c-1d2e-3f4a-5b6c7d8e9f0a,I'm sorry but who is this?,,FALSE,TRUE,Sat Jan 06 11:45:55 UTC 2024,agentProvocateur;chloeStar,d56e7f8a-9b0c-1d2e-3f4a-5b6c7d8e9f0a;11aa22bb-33cc-44dd-55ee-66ff77aa88bb,,,,,,,,,
Text,CHAT,e5f6a7b8-c9d0-e1f2-f3a4-b4c5d6e7f8a9b0c1,503,,,agentProvocateur,d56e7f8a-9b0c-1d2e-3f4a-5b6c7d8e9f0a,chloeStar,11aa22bb-33cc-44dd-55ee-66ff77aa88bb,A friend. Let's just say I know how the game is really played. Talent gets you in the room. Other... arrangements... get you the part. I facilitate those arrangements.,,FALSE,TRUE,Sat Jan 06 11:47:04 UTC 2024,agentProvocateur;chloeStar,d56e7f8a-9b0c-1d2e-3f4a-5b6c7d8e9f0a;11aa22bb-33cc-44dd-55ee-66ff77aa88bb,,,,,,,,,
Text,CHAT,e5f6a7b8-c9d0-e1f2-f3a4-b4c5d6e7f8a9b0c1,504,503,,chloeStar,11aa22bb-33cc-44dd-55ee-66ff77aa88bb,agentProvocateur,d56e7f8a-9b0c-1d2e-3f4a-5b6c7d8e9f0a,What kind of arrangements?,,TRUE,TRUE,Sat Jan 06 11:48:21 UTC 2024,agentProvocateur;chloeStar,d56e7f8a-9b0c-1d2e-3f4a-5b6c7d8e9f0a;11aa22bb-33cc-44dd-55ee-66ff77aa88bb,,11aa22bb-33cc-44dd-55ee-66ff77aa88bb,,,d56e7f8a-9b0c-1d2e-3f4a-5b6c7d8e9f0a;11aa22bb-33cc-44dd-55ee-66ff77aa88bb,,,,
Text,CHAT,e5f6a7b8-c9d0-e1f2-f3a4-b4c5d6e7f8a9b0c1,505,,,agentProvocateur,d56e7f8a-9b0c-1d2e-3f4a-5b6c7d8e9f0a,chloeStar,11aa22bb-33cc-44dd-55ee-66ff77aa88bb,"The kind that ensures the right people are happy. It requires an investment, of course. But the return is a guaranteed role. Think of it as a private audition with a guaranteed callback. Interested in meeting a producer I know? He's very... hands-on.",,TRUE,TRUE,Sat Jan 06 11:49:33 UTC 2024,agentProvocateur;chloeStar,d56e7f8a-9b0c-1d2e-3f4a-5b6c7d8e9f0a;11aa22bb-33cc-44dd-55ee-66ff77aa88bb,,d56e7f8a-9b0c-1d2e-3f4a-5b6c7d8e9f0a,11aa22bb-33cc-44dd-55ee-66ff77aa88bb,,d56e7f8a-9b0c-1d2e-3f4a-5b6c7d8e9f0a;11aa22bb-33cc-44dd-55ee-66ff77aa88bb,,,,
Text,CHAT,e5f6a7b8-c9d0-e1f2-f3a4-b4c5d6e7f8a9b0c1,506,505,,chloeStar,11aa22bb-33cc-44dd-55ee-66ff77aa88bb,agentProvocateur,d56e7f8a-9b0c-1d2e-3f4a-5b6c7d8e9f0a,I'm going to pretend I never saw this conversation. Don't contact me again.,,FALSE,TRUE,Sat Jan 06 11:50:41 UTC 2024,agentProvocateur;chloeStar,d56e7f8a-9b0c-1d2e-3f4a-5b6c7d8e9f0a;11aa22bb-33cc-44dd-55ee-66ff77aa88bb,,11aa22bb-33cc-44dd-55ee-66ff77aa88bb,d56e7f8a-9b0c-1d2e-3f4a-5b6c7d8e9f0a,,d56e7f8a-9b0c-1d2e-3f4a-5b6c7d8e9f0a,,,,
Text,CHAT,f6a7b8c9-d0e1-f2a3-b4c5-d6e7f8a9b0c1d2e3,601,,,valentinaNoir,b56c7d8e-9f0a-1b2c-3d4e-5f6a7b8c9d0e,isaDiva,f1a2b3c4-d5e6-f7a8-b9c0-d1e2f3a4b5c6,"Isabella, darling. Word on the street is you've been spreading some rather colorful stories about Julian's... methods. How very unprofessional of you.",,FALSE,TRUE,Mon Feb 12 16:22:18 UTC 2024,valentinaNoir;isaDiva,b56c7d8e-9f0a-1b2c-3d4e-5f6a7b8c9d0e;f1a2b3c4-d5e6-f7a8-b9c0-d1e2f3a4b5c6,,,,,,,,,
Text,CHAT,f6a7b8c9-d0e1-f2a3-b4c5-d6e7f8a9b0c1d2e3,602,601,,isaDiva,f1a2b3c4-d5e6-f7a8-b9c0-d1e2f3a4b5c6,valentinaNoir,b56c7d8e-9f0a-1b2c-3d4e-5f6a7b8c9d0e,"Valentina! How lovely to hear from you. I simply share what I observe. If Julian finds the truth uncomfortable, perhaps he should reconsider his choices. The industry thrives on authenticity, don't you think?",,FALSE,TRUE,Mon Feb 12 16:24:05 UTC 2024,valentinaNoir;isaDiva,b56c7d8e-9f0a-1b2c-3d4e-5f6a7b8c9d0e;f1a2b3c4-d5e6-f7a8-b9c0-d1e2f3a4b5c6,,,,,,,,,
Text,CHAT,f6a7b8c9-d0e1-f2a3-b4c5-d6e7f8a9b0c1d2e3,603,,,valentinaNoir,b56c7d8e-9f0a-1b2c-3d4e-5f6a7b8c9d0e,isaDiva,f1a2b3c4-d5e6-f7a8-b9c0-d1e2f3a4b5c6,Authenticity? Is that what we're calling jealousy now? Julian got the part because he's talented. Not everyone can accept when they've been outperformed. Perhaps you should focus on your own audition technique rather than analyzing others'.,,TRUE,TRUE,Mon Feb 12 16:25:44 UTC 2024,valentinaNoir;isaDiva,b56c7d8e-9f0a-1b2c-3d4e-5f6a7b8c9d0e;f1a2b3c4-d5e6-f7a8-b9c0-d1e2f3a4b5c6,,b56c7d8e-9f0a-1b2c-3d4e-5f6a7b8c9d0e,,,b56c7d8e-9f0a-1b2c-3d4e-5f6a7b8c9d0e;f1a2b3c4-d5e6-f7a8-b9c0-d1e2f3a4b5c6,,,,
Text,CHAT,f6a7b8c9-d0e1-f2a3-b4c5-d6e7f8a9b0c1d2e3,604,603,,isaDiva,f1a2b3c4-d5e6-f7a8-b9c0-d1e2f3a4b5c6,valentinaNoir,b56c7d8e-9f0a-1b2c-3d4e-5f6a7b8c9d0e,"Outperformed? Oh my sweet, deluded Valentina. We both know there are many ways to ""perform"" in this business. Some require actual talent. Others require... flexibility. I'll let you guess which category your precious Julian falls into.",,TRUE,TRUE,Mon Feb 12 16:27:33 UTC 2024,valentinaNoir;isaDiva,b56c7d8e-9f0a-1b2c-3d4e-5f6a7b8c9d0e;f1a2b3c4-d5e6-f7a8-b9c0-d1e2f3a4b5c6,,f1a2b3c4-d5e6-f7a8-b9c0-d1e2f3a4b5c6,b56c7d8e-9f0a-1b2c-3d4e-5f6a7b8c9d0e,,b56c7d8e-9f0a-1b2c-3d4e-5f6a7b8c9d0e;f1a2b3c4-d5e6-f7a8-b9c0-d1e2f3a4b5c6,,,,
Text,CHAT,f6a7b8c9-d0e1-f2a3-b4c5-d6e7f8a9b0c1d2e3,605,,,valentinaNoir,b56c7d8e-9f0a-1b2c-3d4e-5f6a7b8c9d0e,isaDiva,f1a2b3c4-d5e6-f7a8-b9c0-d1e2f3a4b5c6,You're playing a dangerous game. Some secrets are better left buried. I'd hate for your own... creative choices... to come to light.,,TRUE,TRUE,Mon Feb 12 16:28:57 UTC 2024,valentinaNoir;isaDiva,b56c7d8e-9f0a-1b2c-3d4e-5f6a7b8c9d0e;f1a2b3c4-d5e6-f7a8-b9c0-d1e2f3a4b5c6,,b56c7d8e-9f0a-1b2c-3d4e-5f6a7b8c9d0e,f1a2b3c4-d5e6-f7a8-b9c0-d1e2f3a4b5c6,,b56c7d8e-9f0a-1b2c-3d4e-5f6a7b8c9d0e;f1a2b3c4-d5e6-f7a8-b9c0-d1e2f3a4b5c6,,,,
Text,CHAT,a7b8c9d0-e1f2-a3b4-c5d6-e7f8a9b0c1d2e3f4,701,,Broadway Legends,isaDiva,f1a2b3c4-d5e6-f7a8-b9c0-d1e2f3a4b5c6,,,I'm absolutely DEVASTATED. After everything I put into the Ophelia audition - the months of preparation- the emotional journey - they gave it to that amateur from community theater. COMMUNITY THEATER! The world has gone mad.,,TRUE,FALSE,Thu Mar 21 19:45:12 UTC 2024,isaDiva;valentinaNoir;chloeStar;seraphina;marcusTheMenace;adrianneVogue,f1a2b3c4-d5e6-f7a8-b9c0-d1e2f3a4b5c6;b56c7d8e-9f0a-1b2c-3d4e-5f6a7b8c9d0e;11aa22bb-33cc-44dd-55ee-66ff77aa88bb;e67f8a9b-0c1d-2e3f-4a5b-6c7d8e9f0a1b;99zz88yy-77xx-66ww-55vv-44uu33tt22ss;c78d9e0f-1a2b-3c4d-5e6f-7a8b9c0d1e2f,,,,f1a2b3c4-d5e6-f7a8-b9c0-d1e2f3a4b5c6;b56c7d8e-9f0a-1b2c-3d4e-5f6a7b8c9d0e;11aa22bb-33cc-44dd-55ee-66ff77aa88bb;e67f8a9b-0c1d-2e3f-4a5b-6c7d8e9f0a1b;99zz88yy-77xx-66ww-55vv-44uu33tt22ss;c78d9e0f-1a2b-3c4d-5e6f-7a8b9c0d1e2f,,,,,
Text,CHAT,a7b8c9d0-e1f2-a3b4-c5d6-e7f8a9b0c1d2e3f4,702,701,Broadway Legends,valentinaNoir,b56c7d8e-9f0a-1b2c-3d4e-5f6a7b8c9d0e,,,Isabella darling... perhaps they were looking for someone with more... accessibility? You know how directors can be. They want someone they can mold. Your interpretation was probably too sophisticated for their vision.,,TRUE,FALSE,Thu Mar 21 19:46:33 UTC 2024,isaDiva;valentinaNoir;chloeStar;seraphina;marcusTheMenace;adrianneVogue,f1a2b3c4-d5e6-f7a8-b9c0-d1e2f3a4b5c6;b56c7d8e-9f0a-1b2c-3d4e-5f6a7b8c9d0e;11aa22bb-33cc-44dd-55ee-66ff77aa88bb;e67f8a9b-0c1d-2e3f-4a5b-6c7d8e9f0a1b;99zz88yy-77xx-66ww-55vv-44uu33tt22ss;c78d9e0f-1a2b-3c4d-5e6f-7a8b9c0d1e2f,f1a2b3c4-d5e6-f7a8-b9c0-d1e2f3a4b5c6-1,b56c7d8e-9f0a-1b2c-3d4e-5f6a7b8c9d0e,,,f1a2b3c4-d5e6-f7a8-b9c0-d1e2f3a4b5c6;b56c7d8e-9f0a-1b2c-3d4e-5f6a7b8c9d0e;11aa22bb-33cc-44dd-55ee-66ff77aa88bb;e67f8a9b-0c1d-2e3f-4a5b-6c7d8e9f0a1b;99zz88yy-77xx-66ww-55vv-44uu33tt22ss,,,,
Text,CHAT,a7b8c9d0-e1f2-a3b4-c5d6-e7f8a9b0c1d2e3f4,703,702,Broadway Legends,marcusTheMenace,99zz88yy-77xx-66ww-55vv-44uu33tt22ss,,,The theater gods have spoken. Perhaps this is the universe telling you to pursue more... commercial endeavors. Not everyone is destined for classical tragedy. Some are meant for... lighter fare.,,TRUE,FALSE,Thu Mar 21 19:47:41 UTC 2024,isaDiva;valentinaNoir;chloeStar;seraphina;marcusTheMenace;adrianneVogue,f1a2b3c4-d5e6-f7a8-b9c0-d1e2f3a4b5c6;b56c7d8e-9f0a-1b2c-3d4e-5f6a7b8c9d0e;11aa22bb-33cc-44dd-55ee-66ff77aa88bb;e67f8a9b-0c1d-2e3f-4a5b-6c7d8e9f0a1b;99zz88yy-77xx-66ww-55vv-44uu33tt22ss;c78d9e0f-1a2b-3c4d-5e6f-7a8b9c0d1e2f,f1a2b3c4-d5e6-f7a8-b9c0-d1e2f3a4b5c6-5,99zz88yy-77xx-66ww-55vv-44uu33tt22ss,,,f1a2b3c4-d5e6-f7a8-b9c0-d1e2f3a4b5c6;b56c7d8e-9f0a-1b2c-3d4e-5f6a7b8c9d0e;11aa22bb-33cc-44dd-55ee-66ff77aa88bb;e67f8a9b-0c1d-2e3f-4a5b-6c7d8e9f0a1b;c78d9e0f-1a2b-3c4d-5e6f-7a8b9c0d1e2f,,,,
Text,CHAT,a7b8c9d0-e1f2-a3b4-c5d6-e7f8a9b0c1d2e3f4,704,,Broadway Legends,isaDiva,f1a2b3c4-d5e6-f7a8-b9c0-d1e2f3a4b5c6,,,Marcus! How DARE you. Lighter fare? I am a classically trained artist! I have studied with the masters! I am not some bubble-headed ing√©nue destined for romantic comedies!,,TRUE,FALSE,Thu Mar 21 19:48:55 UTC 2024,isaDiva;valentinaNoir;chloeStar;seraphina;marcusTheMenace;adrianneVogue,f1a2b3c4-d5e6-f7a8-b9c0-d1e2f3a4b5c6;b56c7d8e-9f0a-1b2c-3d4e-5f6a7b8c9d0e;11aa22bb-33cc-44dd-55ee-66ff77aa88bb;e67f8a9b-0c1d-2e3f-4a5b-6c7d8e9f0a1b;99zz88yy-77xx-66ww-55vv-44uu33tt22ss;c78d9e0f-1a2b-3c4d-5e6f-7a8b9c0d1e2f,,f1a2b3c4-d5e6-f7a8-b9c0-d1e2f3a4b5c6,,,f1a2b3c4-d5e6-f7a8-b9c0-d1e2f3a4b5c6;b56c7d8e-9f0a-1b2c-3d4e-5f6a7b8c9d0e;11aa22bb-33cc-44dd-55ee-66ff77aa88bb;e67f8a9b-0c1d-2e3f-4a5b-6c7d8e9f0a1b;99zz88yy-77xx-66ww-55vv-44uu33tt22ss;c78d9e0f-1a2b-3c4d-5e6f-7a8b9c0d1e2f,,,,
Text,CHAT,a7b8c9d0-e1f2-a3b4-c5d6-e7f8a9b0c1d2e3f4,705,704,Broadway Legends,adrianneVogue,c78d9e0f-1a2b-3c4d-5e6f-7a8b9c0d1e2f,,,Bella sweetie... we all have our crosses to bear. Remember when I didn't get Lady Macbeth? I channeled that pain into my one-woman show about the forgotten wives of Shakespeare. Sometimes rejection is redirection. Maybe it's time for you to... reinvent yourself?,,TRUE,FALSE,Thu Mar 21 19:50:02 UTC 2024,isaDiva;valentinaNoir;chloeStar;seraphina;marcusTheMenace;adrianneVogue,f1a2b3c4-d5e6-f7a8-b9c0-d1e2f3a4b5c6;b56c7d8e-9f0a-1b2c-3d4e-5f6a7b8c9d0e;11aa22bb-33cc-44dd-55ee-66ff77aa88bb;e67f8a9b-0c1d-2e3f-4a5b-6c7d8e9f0a1b;99zz88yy-77xx-66ww-55vv-44uu33tt22ss;c78d9e0f-1a2b-3c4d-5e6f-7a8b9c0d1e2f,,c78d9e0f-1a2b-3c4d-5e6f-7a8b9c0d1e2f,,,f1a2b3c4-d5e6-f7a8-b9c0-d1e2f3a4b5c6;b56c7d8e-9f0a-1b2c-3d4e-5f6a7b8c9d0e;11aa22bb-33cc-44dd-55ee-66ff77aa88bb;e67f8a9b-0c1d-2e3f-4a5b-6c7d8e9f0a1b;99zz88yy-77xx-66ww-55vv-44uu33tt22ss;c78d9e0f-1a2b-3c4d-5e6f-7a8b9c0d1e2f,,,,
Text,CHAT,a7b8c9d0-e1f2-a3b4-c5d6-e7f8a9b0c1d2e3f4,706,,Broadway Legends,chloeStar,11aa22bb-33cc-44dd-55ee-66ff77aa88bb,,,I hate to be that person but... didn't Isabella miss two of the callback sessions? I mean I'm sure she had very valid reasons but... punctuality does matter in this business...,,TRUE,FALSE,Thu Mar 21 19:51:19 UTC 2024,isaDiva;valentinaNoir;chloeStar;seraphina;marcusTheMenace;adrianneVogue,f1a2b3c4-d5e6-f7a8-b9c0-d1e2f3a4b5c6;b56c7d8e-9f0a-1b2c-3d4e-5f6a7b8c9d0e;11aa22bb-33cc-44dd-55ee-66ff77aa88bb;e67f8a9b-0c1d-2e3f-4a5b-6c7d8e9f0a1b;99zz88yy-77xx-66ww-55vv-44uu33tt22ss;c78d9e0f-1a2b-3c4d-5e6f-7a8b9c0d1e2f,,11aa22bb-33cc-44dd-55ee-66ff77aa88bb,,,f1a2b3c4-d5e6-f7a8-b9c0-d1e2f3a4b5c6;b56c7d8e-9f0a-1b2c-3d4e-5f6a7b8c9d0e;11aa22bb-33cc-44dd-55ee-66ff77aa88bb;e67f8a9b-0c1d-2e3f-4a5b-6c7d8e9f0a1b;99zz88yy-77xx-66ww-55vv-44uu33tt22ss;c78d9e0f-1a2b-3c4d-5e6f-7a8b9c0d1e2f,,,,
Text,CHAT,a7b8c9d0-e1f2-a3b4-c5d6-e7f8a9b0c1d2e3f4,707,706,Broadway Legends,isaDiva,f1a2b3c4-d5e6-f7a8-b9c0-d1e2f3a4b5c6,,,Chloe! I was dealing with a family emergency! My grandmother was in the hospital! Some things are more important than auditions! Though I wouldn't expect someone who's never booked anything significant to understand the weight of real responsibility!,,TRUE,FALSE,Thu Mar 21 19:52:34 UTC 2024,isaDiva;valentinaNoir;chloeStar;seraphina;marcusTheMenace;adrianneVogue,f1a2b3c4-d5e6-f7a8-b9c0-d1e2f3a4b5c6;b56c7d8e-9f0a-1b2c-3d4e-5f6a7b8c9d0e;11aa22bb-33cc-44dd-55ee-66ff77aa88bb;e67f8a9b-0c1d-2e3f-4a5b-6c7d8e9f0a1b;99zz88yy-77xx-66ww-55vv-44uu33tt22ss;c78d9e0f-1a2b-3c4d-5e6f-7a8b9c0d1e2f,,f1a2b3c4-d5e6-f7a8-b9c0-d1e2f3a4b5c6,11aa22bb-33cc-44dd-55ee-66ff77aa88bb,,f1a2b3c4-d5e6-f7a8-b9c0-d1e2f3a4b5c6;b56c7d8e-9f0a-1b2c-3d4e-5f6a7b8c9d0e;11aa22bb-33cc-44dd-55ee-66ff77aa88bb;e67f8a9b-0c1d-2e3f-4a5b-6c7d8e9f0a1b;99zz88yy-77xx-66ww-55vv-44uu33tt22ss;c78d9e0f-1a2b-3c4d-5e6f-7a8b9c0d1e2f,,,,
Text,CHAT,a7b8c9d0-e1f2-a3b4-c5d6-e7f8a9b0c1d2e3f4,708,707,Broadway Legends,chloeStar,11aa22bb-33cc-44dd-55ee-66ff77aa88bb,,,Never booked anything significant? I'm literally starring in the new indie film that's getting Oscar buzz. But sure Isabella. Attack everyone else instead of looking in the mirror.,,TRUE,FALSE,Thu Mar 21 19:53:41 UTC 2024,isaDiva;valentinaNoir;chloeStar;seraphina;marcusTheMenace;adrianneVogue,f1a2b3c4-d5e6-f7a8-b9c0-d1e2f3a4b5c6;b56c7d8e-9f0a-1b2c-3d4e-5f6a7b8c9d0e;11aa22bb-33cc-44dd-55ee-66ff77aa88bb;e67f8a9b-0c1d-2e3f-4a5b-6c7d8e9f0a1b;99zz88yy-77xx-66ww-55vv-44uu33tt22ss;c78d9e0f-1a2b-3c4d-5e6f-7a8b9c0d1e2f,f1a2b3c4-d5e6-f7a8-b9c0-d1e2f3a4b5c6-3,11aa22bb-33cc-44dd-55ee-66ff77aa88bb,,,f1a2b3c4-d5e6-f7a8-b9c0-d1e2f3a4b5c6;b56c7d8e-9f0a-1b2c-3d4e-5f6a7b8c9d0e;11aa22bb-33cc-44dd-55ee-66ff77aa88bb;e67f8a9b-0c1d-2e3f-4a5b-6c7d8e9f0a1b;99zz88yy-77xx-66ww-55vv-44uu33tt22ss;c78d9e0f-1a2b-3c4d-5e6f-7a8b9c0d1e2f,,,,
Text,CHAT,a7b8c9d0-e1f2-a3b4-c5d6-e7f8a9b0c1d2e3f4,709,708,Broadway Legends,seraphina,e67f8a9b-0c1d-2e3f-4a5b-6c7d8e9f0a1b,,,Ladies... LADIES. This is exactly why they don't take us seriously. We're tearing each other apart instead of supporting one another. The industry is hard enough without us making it harder on each other.,,TRUE,FALSE,Thu Mar 21 19:54:47 UTC 2024,isaDiva;valentinaNoir;chloeStar;seraphina;marcusTheMenace;adrianneVogue,f1a2b3c4-d5e6-f7a8-b9c0-d1e2f3a4b5c6;b56c7d8e-9f0a-1b2c-3d4e-5f6a7b8c9d0e;11aa22bb-33cc-44dd-55ee-66ff77aa88bb;e67f8a9b-0c1d-2e3f-4a5b-6c7d8e9f0a1b;99zz88yy-77xx-66ww-55vv-44uu33tt22ss;c78d9e0f-1a2b-3c4d-5e6f-7a8b9c0d1e2f,,e67f8a9b-0c1d-2e3f-4a5b-6c7d8e9f0a1b,,,f1a2b3c4-d5e6-f7a8-b9c0-d1e2f3a4b5c6;b56c7d8e-9f0a-1b2c-3d4e-5f6a7b8c9d0e;11aa22bb-33cc-44dd-55ee-66ff77aa88bb;e67f8a9b-0c1d-2e3f-4a5b-6c7d8e9f0a1b;99zz88yy-77xx-66ww-55vv-44uu33tt22ss;c78d9e0f-1a2b-3c4d-5e6f-7a8b9c0d1e2f,,,,
Text,CHAT,a7b8c9d0-e1f2-a3b4-c5d6-e7f8a9b0c1d2e3f4,710,709,Broadway Legends,valentinaNoir,b56c7d8e-9f0a-1b2c-3d4e-5f6a7b8c9d0e,,,Seraphina is right. We should be lifting each other up. Isabella... I know this hurts. But maybe use this energy for your next audition? Channel that rage into Lady Macbeth or Medea?,,TRUE,FALSE,Thu Mar 21 19:55:52 UTC 2024,isaDiva;valentinaNoir;chloeStar;seraphina;marcusTheMenace;adrianneVogue,f1a2b3c4-d5e6-f7a8-b9c0-d1e2f3a4b5c6;b56c7d8e-9f0a-1b2c-3d4e-5f6a7b8c9d0e;11aa22bb-33cc-44dd-55ee-66ff77aa88bb;e67f8a9b-0c1d-2e3f-4a5b-6c7d8e9f0a1b;99zz88yy-77xx-66ww-55vv-44uu33tt22ss;c78d9e0f-1a2b-3c4d-5e6f-7a8b9c0d1e2f,,b56c7d8e-9f0a-1b2c-3d4e-5f6a7b8c9d0e,,,f1a2b3c4-d5e6-f7a8-b9c0-d1e2f3a4b5c6;b56c7d8e-9f0a-1b2c-3d4e-5f6a7b8c9d0e;11aa22bb-33cc-44dd-55ee-66ff77aa88bb;e67f8a9b-0c1d-2e3f-4a5b-6c7d8e9f0a1b;99zz88yy-77xx-66ww-55vv-44uu33tt22ss;c78d9e0f-1a2b-3c4d-5e6f-7a8b9c0d1e2f,,,,
Text,CHAT,a7b8c9d0-e1f2-a3b4-c5d6-e7f8a9b0c1d2e3f4,711,,Broadway Legends,isaDiva,f1a2b3c4-d5e6-f7a8-b9c0-d1e2f3a4b5c6,,,You know what? You're all right. I'm sorry. This rejection just... it cut deep. I put everything into that audition. But attacking each other won't get any of us closer to our dreams.,,TRUE,FALSE,Thu Mar 21 19:56:58 UTC 2024,isaDiva;valentinaNoir;chloeStar;seraphina;marcusTheMenace;adrianneVogue,f1a2b3c4-d5e6-f7a8-b9c0-d1e2f3a4b5c6;b56c7d8e-9f0a-1b2c-3d4e-5f6a7b8c9d0e;11aa22bb-33cc-44dd-55ee-66ff77aa88bb;e67f8a9b-0c1d-2e3f-4a5b-6c7d8e9f0a1b;99zz88yy-77xx-66ww-55vv-44uu33tt22ss;c78d9e0f-1a2b-3c4d-5e6f-7a8b9c0d1e2f,,f1a2b3c4-d5e6-f7a8-b9c0-d1e2f3a4b5c6,,,f1a2b3c4-d5e6-f7a8-b9c0-d1e2f3a4b5c6;b56c7d8e-9f0a-1b2c-3d4e-5f6a7b8c9d0e;11aa22bb-33cc-44dd-55ee-66ff77aa88bb;e67f8a9b-0c1d-2e3f-4a5b-6c7d8e9f0a1b;99zz88yy-77xx-66ww-55vv-44uu33tt22ss;c78d9e0f-1a2b-3c4d-5e6f-7a8b9c0d1e2f,,,,
Text,CHAT,a7b8c9d0-e1f2-a3b4-c5d6-e7f8a9b0c1d2e3f4,712,711,Broadway Legends,marcusTheMenace,99zz88yy-77xx-66ww-55vv-44uu33tt22ss,,,The artist's journey is paved with rejection. Each 'no' brings us closer to our destined 'yes'. This pain... it is the crucible in which greatness is forged. Embrace it. Let it transform you.,,TRUE,FALSE,Thu Mar 21 19:58:03 UTC 2024,isaDiva;valentinaNoir;chloeStar;seraphina;marcusTheMenace;adrianneVogue,f1a2b3c4-d5e6-f7a8-b9c0-d1e2f3a4b5c6;b56c7d8e-9f0a-1b2c-3d4e-5f6a7b8c9d0e;11aa22bb-33cc-44dd-55ee-66ff77aa88bb;e67f8a9b-0c1d-2e3f-4a5b-6c7d8e9f0a1b;99zz88yy-77xx-66ww-55vv-44uu33tt22ss;c78d9e0f-1a2b-3c4d-5e6f-7a8b9c0d1e2f,e67f8a9b-0c1d-2e3f-4a5b-6c7d8e9f0a1b-1,99zz88yy-77xx-66ww-55vv-44uu33tt22ss,,,f1a2b3c4-d5e6-f7a8-b9c0-d1e2f3a4b5c6;b56c7d8e-9f0a-1b2c-3d4e-5f6a7b8c9d0e;11aa22bb-33cc-44dd-55ee-66ff77aa88bb;e67f8a9b-0c1d-2e3f-4a5b-6c7d8e9f0a1b;c78d9e0f-1a2b-3c4d-5e6f-7a8b9c0d1e2f,,,,
Text,CHAT,a7b8c9d0-e1f2-a3b4-c5d6-e7f8a9b0c1d2e3f4,713,712,Broadway Legends,adrianneVogue,c78d9e0f-1a2b-3c4d-5e6f-7a8b9c0d1e2f,,,Marcus... that was actually beautiful. And Isabella - your vulnerability just now? That was more real than any monologue. THAT is the authenticity directors are looking for.,,TRUE,FALSE,Thu Mar 21 19:59:11 UTC 2024,isaDiva;valentinaNoir;chloeStar;seraphina;marcusTheMenace;adrianneVogue,f1a2b3c4-d5e6-f7a8-b9c0-d1e2f3a4b5c6;b56c7d8e-9f0a-1b2c-3d4e-5f6a7b8c9d0e;11aa22bb-33cc-44dd-55ee-66ff77aa88bb;e67f8a9b-0c1d-2e3f-4a5b-6c7d8e9f0a1b;99zz88yy-77xx-66ww-55vv-44uu33tt22ss;c78d9e0f-1a2b-3c4d-5e6f-7a8b9c0d1e2f,,c78d9e0f-1a2b-3c4d-5e6f-7a8b9c0d1e2f,,,f1a2b3c4-d5e6-f7a8-b9c0-d1e2f3a4b5c6;b56c7d8e-9f0a-1b2c-3d4e-5f6a7b8c9d0e;11aa22bb-33cc-44dd-55ee-66ff77aa88bb;e67f8a9b-0c1d-2e3f-4a5b-6c7d8e9f0a1b;99zz88yy-77xx-66ww-55vv-44uu33tt22ss;c78d9e0f-1a2b-3c4d-5e6f-7a8b9c0d1e2f,,,,
Text,CHAT,a7b8c9d0-e1f2-a3b4-c5d6-e7f8a9b0c1d2e3f4,714,,Broadway Legends,chloeStar,11aa22bb-33cc-44dd-55ee-66ff77aa88bb,,,Group hug! Virtually speaking. We're all in this crazy business together. Next round of auditions we should support each other instead of... well... this drama fest we just had.,,TRUE,FALSE,Thu Mar 21 20:00:22 UTC 2024,isaDiva;valentinaNoir;chloeStar;seraphina;marcusTheMenace;adrianneVogue,f1a2b3c4-d5e6-f7a8-b9c0-d1e2f3a4b5c6;b56c7d8e-9f0a-1b2c-3d4e-5f6a7b8c9d0e;11aa22bb-33cc-44dd-55ee-66ff77aa88bb;e67f8a9b-0c1d-2e3f-4a5b-6c7d8e9f0a1b;99zz88yy-77xx-66ww-55vv-44uu33tt22ss;c78d9e0f-1a2b-3c4d-5e6f-7a8b9c0d1e2f,f1a2b3c4-d5e6-f7a8-b9c0-d1e2f3a4b5c6-1,11aa22bb-33cc-44dd-55ee-66ff77aa88bb,,,f1a2b3c4-d5e6-f7a8-b9c0-d1e2f3a4b5c6;b56c7d8e-9f0a-1b2c-3d4e-5f6a7b8c9d0e;11aa22bb-33cc-44dd-55ee-66ff77aa88bb;e67f8a9b-0c1d-2e3f-4a5b-6c7d8e9f0a1b;99zz88yy-77xx-66ww-55vv-44uu33tt22ss;c78d9e0f-1a2b-3c4d-5e6f-7a8b9c0d1e2f,,,,
Text,CHAT,a7b8c9d0-e1f2-a3b4-c5d6-e7f8a9b0c1d2e3f4,715,714,Broadway Legends,seraphina,e67f8a9b-0c1d-2e3f-4a5b-6c7d8e9f0a1b,,,Agreed! Though let's be honest... we'll probably be back to our passive-aggressive ways by tomorrow. It's who we are. But at least now we know we care about each other underneath all the drama.,,TRUE,FALSE,Thu Mar 21 20:01:35 UTC 2024,isaDiva;valentinaNoir;chloeStar;seraphina;marcusTheMenace;adrianneVogue,f1a2b3c4-d5e6-f7a8-b9c0-d1e2f3a4b5c6;b56c7d8e-9f0a-1b2c-3d4e-5f6a7b8c9d0e;11aa22bb-33cc-44dd-55ee-66ff77aa88bb;e67f8a9b-0c1d-2e3f-4a5b-6c7d8e9f0a1b;99zz88yy-77xx-66ww-55vv-44uu33tt22ss;c78d9e0f-1a2b-3c4d-5e6f-7a8b9c0d1e2f,11aa22bb-33cc-44dd-55ee-66ff77aa88bb-2,e67f8a9b-0c1d-2e3f-4a5b-6c7d8e9f0a1b,,,f1a2b3c4-d5e6-f7a8-b9c0-d1e2f3a4b5c6;b56c7d8e-9f0a-1b2c-3d4e-5f6a7b8c9d0e;11aa22bb-33cc-44dd-55ee-66ff77aa88bb;e67f8a9b-0c1d-2e3f-4a5b-6c7d8e9f0a1b;99zz88yy-77xx-66ww-55vv-44uu33tt22ss;c78d9e0f-1a2b-3c4d-5e6f-7a8b9c0d1e2f,,,,
Text,CHAT,a7b8c9d0-e1f2-a3b4-c5d6-e7f8a9b0c1d2e3f4,716,715,Broadway Legends,isaDiva,f1a2b3c4-d5e6-f7a8-b9c0-d1e2f3a4b5c6,,,Seraphina speaking the hard truths! Fine. Tomorrow we'll be back to our usual suspects routine. But tonight... tonight we're family. A very dysfunctional theater family.,,TRUE,FALSE,Thu Mar 21 20:02:41 UTC 2024,isaDiva;valentinaNoir;chloeStar;seraphina;marcusTheMenace;adrianneVogue,f1a2b3c4-d5e6-f7a8-b9c0-d1e2f3a4b5c6;b56c7d8e-9f0a-1b2c-3d4e-5f6a7b8c9d0e;11aa22bb-33cc-44dd-55ee-66ff77aa88bb;e67f8a9b-0c1d-2e3f-4a5b-6c7d8e9f0a1b;99zz88yy-77xx-66ww-55vv-44uu33tt22ss;c78d9e0f-1a2b-3c4d-5e6f-7a8b9c0d1e2f,b56c7d8e-9f0a-1b2c-3d4e-5f6a7b8c9d0e-1,f1a2b3c4-d5e6-f7a8-b9c0-d1e2f3a4b5c6,,,f1a2b3c4-d5e6-f7a8-b9c0-d1e2f3a4b5c6;b56c7d8e-9f0a-1b2c-3d4e-5f6a7b8c9d0e;11aa22bb-33cc-44dd-55ee-66ff77aa88bb;e67f8a9b-0c1d-2e3f-4a5b-6c7d8e9f0a1b;99zz88yy-77xx-66ww-55vv-44uu33tt22ss;c78d9e0f-1a2b-3c4d-5e6f-7a8b9c0d1e2f,,,,
Text,CHAT,a7b8c9d0-e1f2-a3b4-c5d6-e7f8a9b0c1d2e3f4,717,,Broadway Legends,marcusTheMenace,99zz88yy-77xx-66ww-55vv-44uu33tt22ss,,,Wait. Did anyone else get the email about the emergency workshop tomorrow? For the Shakespeare intensive? They're only taking 12 people and applications are due at midnight.,,TRUE,FALSE,Thu Mar 21 22:15:33 UTC 2024,isaDiva;valentinaNoir;chloeStar;seraphina;marcusTheMenace;adrianneVogue,f1a2b3c4-d5e6-f7a8-b9c0-d1e2f3a4b5c6;b56c7d8e-9f0a-1b2c-3d4e-5f6a7b8c9d0e;11aa22bb-33cc-44dd-55ee-66ff77aa88bb;e67f8a9b-0c1d-2e3f-4a5b-6c7d8e9f0a1b;99zz88yy-77xx-66ww-55vv-44uu33tt22ss;c78d9e0f-1a2b-3c4d-5e6f-7a8b9c0d1e2f,,99zz88yy-77xx-66ww-55vv-44uu33tt22ss,,,f1a2b3c4-d5e6-f7a8-b9c0-d1e2f3a4b5c6;b56c7d8e-9f0a-1b2c-3d4e-5f6a7b8c9d0e;11aa22bb-33cc-44dd-55ee-66ff77aa88bb;e67f8a9b-0c1d-2e3f-4a5b-6c7d8e9f0a1b;99zz88yy-77xx-66ww-55vv-44uu33tt22ss;c78d9e0f-1a2b-3c4d-5e6f-7a8b9c0d1e2f,,,,
Text,CHAT,a7b8c9d0-e1f2-a3b4-c5d6-e7f8a9b0c1d2e3f4,718,717,Broadway Legends,valentinaNoir,b56c7d8e-9f0a-1b2c-3d4e-5f6a7b8c9d0e,,,Marcus... what email? I didn't get anything. Are you sure you're on the right mailing list? Or... is this one of those invitation-only things?,,TRUE,FALSE,Thu Mar 21 22:16:45 UTC 2024,isaDiva;valentinaNoir;chloeStar;seraphina;marcusTheMenace;adrianneVogue,f1a2b3c4-d5e6-f7a8-b9c0-d1e2f3a4b5c6;b56c7d8e-9f0a-1b2c-3d4e-5f6a7b8c9d0e;11aa22bb-33cc-44dd-55ee-66ff77aa88bb;e67f8a9b-0c1d-2e3f-4a5b-6c7d8e9f0a1b;99zz88yy-77xx-66ww-55vv-44uu33tt22ss;c78d9e0f-1a2b-3c4d-5e6f-7a8b9c0d1e2f,,b56c7d8e-9f0a-1b2c-3d4e-5f6a7b8c9d0e,,,f1a2b3c4-d5e6-f7a8-b9c0-d1e2f3a4b5c6;b56c7d8e-9f0a-1b2c-3d4e-5f6a7b8c9d0e;11aa22bb-33cc-44dd-55ee-66ff77aa88bb;e67f8a9b-0c1d-2e3f-4a5b-6c7d8e9f0a1b;99zz88yy-77xx-66ww-55vv-44uu33tt22ss;c78d9e0f-1a2b-3c4d-5e6f-7a8b9c0d1e2f,,,,
Text,CHAT,a7b8c9d0-e1f2-a3b4-c5d6-e7f8a9b0c1d2e3f4,719,718,Broadway Legends,isaDiva,f1a2b3c4-d5e6-f7a8-b9c0-d1e2f3a4b5c6,,,I didn't get it either. Marcus... are you SURE this is real? Because if this is some elaborate prank to get us all worked up and scrambling to write applications... that would be very unlike you. But also brilliant.,,TRUE,FALSE,Thu Mar 21 22:17:52 UTC 2024,isaDiva;valentinaNoir;chloeStar;seraphina;marcusTheMenace;adrianneVogue,f1a2b3c4-d5e6-f7a8-b9c0-d1e2f3a4b5c6;b56c7d8e-9f0a-1b2c-3d4e-5f6a7b8c9d0e;11aa22bb-33cc-44dd-55ee-66ff77aa88bb;e67f8a9b-0c1d-2e3f-4a5b-6c7d8e9f0a1b;99zz88yy-77xx-66ww-55vv-44uu33tt22ss;c78d9e0f-1a2b-3c4d-5e6f-7a8b9c0d1e2f,99zz88yy-77xx-66ww-55vv-44uu33tt22ss-6,f1a2b3c4-d5e6-f7a8-b9c0-d1e2f3a4b5c6,,,f1a2b3c4-d5e6-f7a8-b9c0-d1e2f3a4b5c6;b56c7d8e-9f0a-1b2c-3d4e-5f6a7b8c9d0e;11aa22bb-33cc-44dd-55ee-66ff77aa88bb;e67f8a9b-0c1d-2e3f-4a5b-6c7d8e9f0a1b;99zz88yy-77xx-66ww-55vv-44uu33tt22ss;c78d9e0f-1a2b-3c4d-5e6f-7a8b9c0d1e2f,,,,
Text,CHAT,a7b8c9d0-e1f2-a3b4-c5d6-e7f8a9b0c1d2e3f4,720,719,Broadway Legends,chloeStar,11aa22bb-33cc-44dd-55ee-66ff77aa88bb,,,OH MY GOD. I just checked my spam folder. It's there! It's REAL! And it's from Helena Ravencroft! THE Helena Ravencroft! She's only the most prestigious acting coach in the city!,,TRUE,FALSE,Thu Mar 21 22:19:01 UTC 2024,isaDiva;valentinaNoir;chloeStar;seraphina;marcusTheMenace;adrianneVogue,f1a2b3c4-d5e6-f7a8-b9c0-d1e2f3a4b5c6;b56c7d8e-9f0a-1b2c-3d4e-5f6a7b8c9d0e;11aa22bb-33cc-44dd-55ee-66ff77aa88bb;e67f8a9b-0c1d-2e3f-4a5b-6c7d8e9f0a1b;99zz88yy-77xx-66ww-55vv-44uu33tt22ss;c78d9e0f-1a2b-3c4d-5e6f-7a8b9c0d1e2f,,11aa22bb-33cc-44dd-55ee-66ff77aa88bb,,,f1a2b3c4-d5e6-f7a8-b9c0-d1e2f3a4b5c6;b56c7d8e-9f0a-1b2c-3d4e-5f6a7b8c9d0e;11aa22bb-33cc-44dd-55ee-66ff77aa88bb;e67f8a9b-0c1d-2e3f-4a5b-6c7d8e9f0a1b;99zz88yy-77xx-66ww-55vv-44uu33tt22ss;c78d9e0f-1a2b-3c4d-5e6f-7a8b9c0d1e2f,,,,
Text,CHAT,a7b8c9d0-e1f2-a3b4-c5d6-e7f8a9b0c1d2e3f4,721,720,Broadway Legends,seraphina,e67f8a9b-0c1d-2e3f-4a5b-6c7d8e9f0a1b,,,Helena Ravencroft? Wait. The woman who trained Daniel Day-Lewis for his Lincoln prep? The one who charges $500 an hour and has a waiting list longer than Hamilton tickets? That Helena Ravencroft?,,TRUE,FALSE,Thu Mar 21 22:20:11 UTC 2024,isaDiva;valentinaNoir;chloeStar;seraphina;marcusTheMenace;adrianneVogue,f1a2b3c4-d5e6-f7a8-b9c0-d1e2f3a4b5c6;b56c7d8e-9f0a-1b2c-3d4e-5f6a7b8c9d0e;11aa22bb-33cc-44dd-55ee-66ff77aa88bb;e67f8a9b-0c1d-2e3f-4a5b-6c7d8e9f0a1b;99zz88yy-77xx-66ww-55vv-44uu33tt22ss;c78d9e0f-1a2b-3c4d-5e6f-7a8b9c0d1e2f,,e67f8a9b-0c1d-2e3f-4a5b-6c7d8e9f0a1b,,,f1a2b3c4-d5e6-f7a8-b9c0-d1e2f3a4b5c6;b56c7d8e-9f0a-1b2c-3d4e-5f6a7b8c9d0e;11aa22bb-33cc-44dd-55ee-66ff77aa88bb;e67f8a9b-0c1d-2e3f-4a5b-6c7d8e9f0a1b;99zz88yy-77xx-66ww-55vv-44uu33tt22ss;c78d9e0f-1a2b-3c4d-5e6f-7a8b9c0d1e2f,,,,
Text,CHAT,a7b8c9d0-e1f2-a3b4-c5d6-e7f8a9b0c1d2e3f4,722,721,Broadway Legends,adrianneVogue,c78d9e0f-1a2b-3c4d-5e6f-7a8b9c0d1e2f,,,OMG checking my spam now too... Found it! This is insane! The application requires a 30-second monologue video AND a personal statement about our deepest theatrical truth. In less than 2 hours!,,TRUE,FALSE,Thu Mar 21 22:21:33 UTC 2024,isaDiva;valentinaNoir;chloeStar;seraphina;marcusTheMenace;adrianneVogue,f1a2b3c4-d5e6-f7a8-b9c0-d1e2f3a4b5c6;b56c7d8e-9f0a-1b2c-3d4e-5f6a7b8c9d0e;11aa22bb-33cc-44dd-55ee-66ff77aa88bb;e67f8a9b-0c1d-2e3f-4a5b-6c7d8e9f0a1b;99zz88yy-77xx-66ww-55vv-44uu33tt22ss;c78d9e0f-1a2b-3c4d-5e6f-7a8b9c0d1e2f,,c78d9e0f-1a2b-3c4d-5e6f-7a8b9c0d1e2f,,,f1a2b3c4-d5e6-f7a8-b9c0-d1e2f3a4b5c6;b56c7d8e-9f0a-1b2c-3d4e-5f6a7b8c9d0e;11aa22bb-33cc-44dd-55ee-66ff77aa88bb;e67f8a9b-0c1d-2e3f-4a5b-6c7d8e9f0a1b;99zz88yy-77xx-66ww-55vv-44uu33tt22ss;c78d9e0f-1a2b-3c4d-5e6f-7a8b9c0d1e2f,,,,
Text,CHAT,a7b8c9d0-e1f2-a3b4-c5d6-e7f8a9b0c1d2e3f4,723,722,Broadway Legends,isaDiva,f1a2b3c4-d5e6-f7a8-b9c0-d1e2f3a4b5c6,,,And now the claws come out... Again. We literally just had this beautiful moment of solidarity and now we're about to turn into gladiators fighting over 12 spots. I can already feel the passive aggression brewing.,,TRUE,FALSE,Thu Mar 21 22:22:41 UTC 2024,isaDiva;valentinaNoir;chloeStar;seraphina;marcusTheMenace;adrianneVogue,f1a2b3c4-d5e6-f7a8-b9c0-d1e2f3a4b5c6;b56c7d8e-9f0a-1b2c-3d4e-5f6a7b8c9d0e;11aa22bb-33cc-44dd-55ee-66ff77aa88bb;e67f8a9b-0c1d-2e3f-4a5b-6c7d8e9f0a1b;99zz88yy-77xx-66ww-55vv-44uu33tt22ss;c78d9e0f-1a2b-3c4d-5e6f-7a8b9c0d1e2f,,f1a2b3c4-d5e6-f7a8-b9c0-d1e2f3a4b5c6,,,f1a2b3c4-d5e6-f7a8-b9c0-d1e2f3a4b5c6;b56c7d8e-9f0a-1b2c-3d4e-5f6a7b8c9d0e;11aa22bb-33cc-44dd-55ee-66ff77aa88bb;e67f8a9b-0c1d-2e3f-4a5b-6c7d8e9f0a1b;99zz88yy-77xx-66ww-55vv-44uu33tt22ss;c78d9e0f-1a2b-3c4d-5e6f-7a8b9c0d1e2f,,,,
Text,CHAT,a7b8c9d0-e1f2-a3b4-c5d6-e7f8a9b0c1d2e3f4,724,723,Broadway Legends,valentinaNoir,b56c7d8e-9f0a-1b2c-3d4e-5f6a7b8c9d0e,,,Isabella's right. But also... may the best actor win? I'm already mentally preparing my Lady Macbeth sleepwalking scene. It's my strongest piece and I've been perfecting it for months.,,TRUE,FALSE,Thu Mar 21 22:23:55 UTC 2024,isaDiva;valentinaNoir;chloeStar;seraphina;marcusTheMenace;adrianneVogue,f1a2b3c4-d5e6-f7a8-b9c0-d1e2f3a4b5c6;b56c7d8e-9f0a-1b2c-3d4e-5f6a7b8c9d0e;11aa22bb-33cc-44dd-55ee-66ff77aa88bb;e67f8a9b-0c1d-2e3f-4a5b-6c7d8e9f0a1b;99zz88yy-77xx-66ww-55vv-44uu33tt22ss;c78d9e0f-1a2b-3c4d-5e6f-7a8b9c0d1e2f,f1a2b3c4-d5e6-f7a8-b9c0-d1e2f3a4b5c6-3,b56c7d8e-9f0a-1b2c-3d4e-5f6a7b8c9d0e,,,f1a2b3c4-d5e6-f7a8-b9c0-d1e2f3a4b5c6;b56c7d8e-9f0a-1b2c-3d4e-5f6a7b8c9d0e;11aa22bb-33cc-44dd-55ee-66ff77aa88bb;e67f8a9b-0c1d-2e3f-4a5b-6c7d8e9f0a1b;99zz88yy-77xx-66ww-55vv-44uu33tt22ss;c78d9e0f-1a2b-3c4d-5e6f-7a8b9c0d1e2f,,,,
Text,CHAT,a7b8c9d0-e1f2-a3b4-c5d6-e7f8a9b0c1d2e3f4,725,724,Broadway Legends,chloeStar,11aa22bb-33cc-44dd-55ee-66ff77aa88bb,,,Val... everyone does Lady Macbeth sleepwalking scene. It's like the monologue equivalent of wearing a little black dress to a fashion show. Safe but not memorable. Just saying.,,TRUE,FALSE,Thu Mar 21 22:25:02 UTC 2024,isaDiva;valentinaNoir;chloeStar;seraphina;marcusTheMenace;adrianneVogue,f1a2b3c4-d5e6-f7a8-b9c0-d1e2f3a4b5c6;b56c7d8e-9f0a-1b2c-3d4e-5f6a7b8c9d0e;11aa22bb-33cc-44dd-55ee-66ff77aa88bb;e67f8a9b-0c1d-2e3f-4a5b-6c7d8e9f0a1b;99zz88yy-77xx-66ww-55vv-44uu33tt22ss;c78d9e0f-1a2b-3c4d-5e6f-7a8b9c0d1e2f,b56c7d8e-9f0a-1b2c-3d4e-5f6a7b8c9d0e-5,11aa22bb-33cc-44dd-55ee-66ff77aa88bb,,,f1a2b3c4-d5e6-f7a8-b9c0-d1e2f3a4b5c6;b56c7d8e-9f0a-1b2c-3d4e-5f6a7b8c9d0e;11aa22bb-33cc-44dd-55ee-66ff77aa88bb;e67f8a9b-0c1d-2e3f-4a5b-6c7d8e9f0a1b;99zz88yy-77xx-66ww-55vv-44uu33tt22ss;c78d9e0f-1a2b-3c4d-5e6f-7a8b9c0d1e2f,,,,
Text,CHAT,a7b8c9d0-e1f2-a3b4-c5d6-e7f8a9b0c1d2e3f4,726,725,Broadway Legends,seraphina,e67f8a9b-0c1d-2e3f-4a5b-6c7d8e9f0a1b,,,Chloe sweetie... that was unnecessarily harsh. But also... not wrong. I'm thinking of doing Viola's ring speech from Twelfth Night. It's got the gender fluidity angle that's very now.,,TRUE,FALSE,Thu Mar 21 22:26:14 UTC 2024,isaDiva;valentinaNoir;chloeStar;seraphina;marcusTheMenace;adrianneVogue,f1a2b3c4-d5e6-f7a8-b9c0-d1e2f3a4b5c6;b56c7d8e-9f0a-1b2c-3d4e-5f6a7b8c9d0e;11aa22bb-33cc-44dd-55ee-66ff77aa88bb;e67f8a9b-0c1d-2e3f-4a5b-6c7d8e9f0a1b;99zz88yy-77xx-66ww-55vv-44uu33tt22ss;c78d9e0f-1a2b-3c4d-5e6f-7a8b9c0d1e2f,,e67f8a9b-0c1d-2e3f-4a5b-6c7d8e9f0a1b,,,f1a2b3c4-d5e6-f7a8-b9c0-d1e2f3a4b5c6;b56c7d8e-9f0a-1b2c-3d4e-5f6a7b8c9d0e;11aa22bb-33cc-44dd-55ee-66ff77aa88bb;e67f8a9b-0c1d-2e3f-4a5b-6c7d8e9f0a1b;99zz88yy-77xx-66ww-55vv-44uu33tt22ss;c78d9e0f-1a2b-3c4d-5e6f-7a8b9c0d1e2f,,,,
Text,CHAT,a7b8c9d0-e1f2-a3b4-c5d6-e7f8a9b0c1d2e3f4,727,726,Broadway Legends,marcusTheMenace,99zz88yy-77xx-66ww-55vv-44uu33tt22ss,,,I shall perform Hamlet's 'To be or not to be' but as interpreted through the lens of modern existential dread and social media anxiety. It's a bold fusion of classical text and contemporary angst.,,TRUE,FALSE,Thu Mar 21 22:27:29 UTC 2024,isaDiva;valentinaNoir;chloeStar;seraphina;marcusTheMenace;adrianneVogue,f1a2b3c4-d5e6-f7a8-b9c0-d1e2f3a4b5c6;b56c7d8e-9f0a-1b2c-3d4e-5f6a7b8c9d0e;11aa22bb-33cc-44dd-55ee-66ff77aa88bb;e67f8a9b-0c1d-2e3f-4a5b-6c7d8e9f0a1b;99zz88yy-77xx-66ww-55vv-44uu33tt22ss;c78d9e0f-1a2b-3c4d-5e6f-7a8b9c0d1e2f,e67f8a9b-0c1d-2e3f-4a5b-6c7d8e9f0a1b-2,99zz88yy-77xx-66ww-55vv-44uu33tt22ss,,,f1a2b3c4-d5e6-f7a8-b9c0-d1e2f3a4b5c6;b56c7d8e-9f0a-1b2c-3d4e-5f6a7b8c9d0e;11aa22bb-33cc-44dd-55ee-66ff77aa88bb;e67f8a9b-0c1d-2e3f-4a5b-6c7d8e9f0a1b;c78d9e0f-1a2b-3c4d-5e6f-7a8b9c0d1e2f,,,,
Text,CHAT,a7b8c9d0-e1f2-a3b4-c5d6-e7f8a9b0c1d2e3f4,728,727,Broadway Legends,adrianneVogue,c78d9e0f-1a2b-3c4d-5e6f-7a8b9c0d1e2f,,,Marcus... darling... that sounds very pretentious even by your standards. Helena Ravencroft values authenticity over concept. I'm doing Portia's mercy speech. Classic. Powerful. Relevant.,,TRUE,FALSE,Thu Mar 21 22:28:35 UTC 2024,isaDiva;valentinaNoir;chloeStar;seraphina;marcusTheMenace;adrianneVogue,f1a2b3c4-d5e6-f7a8-b9c0-d1e2f3a4b5c6;b56c7d8e-9f0a-1b2c-3d4e-5f6a7b8c9d0e;11aa22bb-33cc-44dd-55ee-66ff77aa88bb;e67f8a9b-0c1d-2e3f-4a5b-6c7d8e9f0a1b;99zz88yy-77xx-66ww-55vv-44uu33tt22ss;c78d9e0f-1a2b-3c4d-5e6f-7a8b9c0d1e2f,,c78d9e0f-1a2b-3c4d-5e6f-7a8b9c0d1e2f,99zz88yy-77xx-66ww-55vv-44uu33tt22ss,,f1a2b3c4-d5e6-f7a8-b9c0-d1e2f3a4b5c6;b56c7d8e-9f0a-1b2c-3d4e-5f6a7b8c9d0e;11aa22bb-33cc-44dd-55ee-66ff77aa88bb;e67f8a9b-0c1d-2e3f-4a5b-6c7d8e9f0a1b;99zz88yy-77xx-66ww-55vv-44uu33tt22ss;c78d9e0f-1a2b-3c4d-5e6f-7a8b9c0d1e2f,,,,
Text,CHAT,a7b8c9d0-e1f2-a3b4-c5d6-e7f8a9b0c1d2e3f4,729,728,Broadway Legends,isaDiva,f1a2b3c4-d5e6-f7a8-b9c0-d1e2f3a4b5c6,,,I'm doing something none of you would expect. Beatrice from Much Ado. The 'Kill Claudio' scene. Pure fury. Pure power. And completely unexpected from me. Sometimes you have to surprise people.,,TRUE,FALSE,Thu Mar 21 22:29:41 UTC 2024,isaDiva;valentinaNoir;chloeStar;seraphina;marcusTheMenace;adrianneVogue,f1a2b3c4-d5e6-f7a8-b9c0-d1e2f3a4b5c6;b56c7d8e-9f0a-1b2c-3d4e-5f6a7b8c9d0e;11aa22bb-33cc-44dd-55ee-66ff77aa88bb;e67f8a9b-0c1d-2e3f-4a5b-6c7d8e9f0a1b;99zz88yy-77xx-66ww-55vv-44uu33tt22ss;c78d9e0f-1a2b-3c4d-5e6f-7a8b9c0d1e2f,,f1a2b3c4-d5e6-f7a8-b9c0-d1e2f3a4b5c6,,,f1a2b3c4-d5e6-f7a8-b9c0-d1e2f3a4b5c6;b56c7d8e-9f0a-1b2c-3d4e-5f6a7b8c9d0e;11aa22bb-33cc-44dd-55ee-66ff77aa88bb;e67f8a9b-0c1d-2e3f-4a5b-6c7d8e9f0a1b;99zz88yy-77xx-66ww-55vv-44uu33tt22ss;c78d9e0f-1a2b-3c4d-5e6f-7a8b9c0d1e2f,,,,
Text,CHAT,a7b8c9d0-e1f2-a3b4-c5d6-e7f8a9b0c1d2e3f4,730,729,Broadway Legends,valentinaNoir,b56c7d8e-9f0a-1b2c-3d4e-5f6a7b8c9d0e,,,Isabella... that's... actually brilliant. Okay I'm rethinking my Lady Macbeth choice. Maybe I need to go deeper into the weird sisters? Something more... unhinged?,,TRUE,FALSE,Thu Mar 21 22:30:47 UTC 2024,isaDiva;valentinaNoir;chloeStar;seraphina;marcusTheMenace;adrianneVogue,f1a2b3c4-d5e6-f7a8-b9c0-d1e2f3a4b5c6;b56c7d8e-9f0a-1b2c-3d4e-5f6a7b8c9d0e;11aa22bb-33cc-44dd-55ee-66ff77aa88bb;e67f8a9b-0c1d-2e3f-4a5b-6c7d8e9f0a1b;99zz88yy-77xx-66ww-55vv-44uu33tt22ss;c78d9e0f-1a2b-3c4d-5e6f-7a8b9c0d1e2f,f1a2b3c4-d5e6-f7a8-b9c0-d1e2f3a4b5c6-1,b56c7d8e-9f0a-1b2c-3d4e-5f6a7b8c9d0e,,,f1a2b3c4-d5e6-f7a8-b9c0-d1e2f3a4b5c6;b56c7d8e-9f0a-1b2c-3d4e-5f6a7b8c9d0e;11aa22bb-33cc-44dd-55ee-66ff77aa88bb;e67f8a9b-0c1d-2e3f-4a5b-6c7d8e9f0a1b;99zz88yy-77xx-66ww-55vv-44uu33tt22ss;c78d9e0f-1a2b-3c4d-5e6f-7a8b9c0d1e2f,,,,
Text,CHAT,b8c9d0e1-f2a3-b4c5-d6e7-f8a9b0c1d2e3f4a5,801,,,seraphina,e67f8a9b-0c1d-2e3f-4a5b-6c7d8e9f0a1b,marcusTheMenace,99zz88yy-77xx-66ww-55vv-44uu33tt22ss,Marcus... can I ask you something personal? In private? About your workshop application... I have some thoughts.,,FALSE,TRUE,Thu Mar 21 23:45:18 UTC 2024,seraphina;marcusTheMenace,e67f8a9b-0c1d-2e3f-4a5b-6c7d8e9f0a1b;99zz88yy-77xx-66ww-55vv-44uu33tt22ss,,,,,,,,,
Text,CHAT,b8c9d0e1-f2a3-b4c5-d6e7-f8a9b0c1d2e3f4a5,802,801,,marcusTheMenace,99zz88yy-77xx-66ww-55vv-44uu33tt22ss,seraphina,e67f8a9b-0c1d-2e3f-4a5b-6c7d8e9f0a1b,"Seraphina. Of course. Though I must warn you, I am in a deeply meditative state preparing for my performance. Your thoughts are welcome, but I cannot guarantee they will penetrate the artistic trance I've entered.",,FALSE,TRUE,Thu Mar 21 23:46:33 UTC 2024,seraphina;marcusTheMenace,e67f8a9b-0c1d-2e3f-4a5b-6c7d8e9f0a1b;99zz88yy-77xx-66ww-55vv-44uu33tt22ss,,,,,,,,,
Text,CHAT,b8c9d0e1-f2a3-b4c5-d6e7-f8a9b0c1d2e3f4a5,803,,,seraphina,e67f8a9b-0c1d-2e3f-4a5b-6c7d8e9f0a1b,marcusTheMenace,99zz88yy-77xx-66ww-55vv-44uu33tt22ss,"Marcus... sweetie... your social media anxiety interpretation of Hamlet? It's going to read as gimmicky. Helena Ravencroft despises gimmicks. She wants to see the actor, not the concept. Maybe just... be Marcus? Raw and vulnerable Marcus?",,TRUE,TRUE,Thu Mar 21 23:47:44 UTC 2024,seraphina;marcusTheMenace,e67f8a9b-0c1d-2e3f-4a5b-6c7d8e9f0a1b;99zz88yy-77xx-66ww-55vv-44uu33tt22ss,,e67f8a9b-0c1d-2e3f-4a5b-6c7d8e9f0a1b,,,e67f8a9b-0c1d-2e3f-4a5b-6c7d8e9f0a1b;99zz88yy-77xx-66ww-55vv-44uu33tt22ss,,,,
Text,CHAT,b8c9d0e1-f2a3-b4c5-d6e7-f8a9b0c1d2e3f4a5,804,803,,marcusTheMenace,99zz88yy-77xx-66ww-55vv-44uu33tt22ss,seraphina,e67f8a9b-0c1d-2e3f-4a5b-6c7d8e9f0a1b,"You... you think I should abandon my artistic vision? My interpretation? But Seraphina, without the concept, I'm just another actor doing Hamlet. The concept IS what makes it unique. What makes it... me.",,TRUE,TRUE,Thu Mar 21 23:48:52 UTC 2024,seraphina;marcusTheMenace,e67f8a9b-0c1d-2e3f-4a5b-6c7d8e9f0a1b;99zz88yy-77xx-66ww-55vv-44uu33tt22ss,,99zz88yy-77xx-66ww-55vv-44uu33tt22ss,,,e67f8a9b-0c1d-2e3f-4a5b-6c7d8e9f0a1b;99zz88yy-77xx-66ww-55vv-44uu33tt22ss,,,,
Text,CHAT,b8c9d0e1-f2a3-b4c5-d6e7-f8a9b0c1d2e3f4a5,805,804,,seraphina,e67f8a9b-0c1d-2e3f-4a5b-6c7d8e9f0a1b,marcusTheMenace,99zz88yy-77xx-66ww-55vv-44uu33tt22ss,"Marcus... YOU are what makes it unique. Your depth, your intelligence, your genuine passion. Trust that. Sometimes the most powerful choice is to strip everything away and just... be truthful. Helena will see through any artifice instantly.",,TRUE,TRUE,Thu Mar 21 23:50:01 UTC 2024,seraphina;marcusTheMenace,e67f8a9b-0c1d-2e3f-4a5b-6c7d8e9f0a1b;99zz88yy-77xx-66ww-55vv-44uu33tt22ss,,e67f8a9b-0c1d-2e3f-4a5b-6c7d8e9f0a1b,99zz88yy-77xx-66ww-55vv-44uu33tt22ss,,e67f8a9b-0c1d-2e3f-4a5b-6c7d8e9f0a1b;99zz88yy-77xx-66ww-55vv-44uu33tt22ss,,,,
Text,CHAT,c9d0e1f2-a3b4-c5d6-e7f8-a9b0c1d2e3f4a5b6,901,,,chloeStar,11aa22bb-33cc-44dd-55ee-66ff77aa88bb,adrianneVogue,c78d9e0f-1a2b-3c4d-5e6f-7a8b9c0d1e2f,Adrianne! Emergency. I just saw your Instagram story about the Helena workshop. Did you REALLY have to post yourself practicing Portia in full costume and professional lighting? We all agreed to keep this low-key!,,FALSE,TRUE,Fri Mar 22 08:15:22 UTC 2024,chloeStar;adrianneVogue,11aa22bb-33cc-44dd-55ee-66ff77aa88bb;c78d9e0f-1a2b-3c4d-5e6f-7a8b9c0d1e2f,,,,,,,,,
Text,CHAT,c9d0e1f2-a3b4-c5d6-e7f8-a9b0c1d2e3f4a5b6,902,901,,adrianneVogue,c78d9e0f-1a2b-3c4d-5e6f-7a8b9c0d1e2f,chloeStar,11aa22bb-33cc-44dd-55ee-66ff77aa88bb,"Chloe darling, when did we agree to keep it low-key? I'm simply sharing my artistic journey with my followers. Social media IS part of building a brand. Helena probably follows me anyway - this is just showing my dedication.",,FALSE,TRUE,Fri Mar 22 08:16:41 UTC 2024,chloeStar;adrianneVogue,11aa22bb-33cc-44dd-55ee-66ff77aa88bb;c78d9e0f-1a2b-3c4d-5e6f-7a8b9c0d1e2f,,,,,,,,,
Text,CHAT,c9d0e1f2-a3b4-c5d6-e7f8-a9b0c1d2e3f4a5b6,903,902,,chloeStar,11aa22bb-33cc-44dd-55ee-66ff77aa88bb,adrianneVogue,c78d9e0f-1a2b-3c4d-5e6f-7a8b9c0d1e2f,"Your ""artistic journey""? You mean your desperate attempt to influence Helena's decision before she even sees the applications? That's not dedication, that's manipulation. And it's beneath you. Or at least I thought it was.",,TRUE,TRUE,Fri Mar 22 08:17:55 UTC 2024,chloeStar;adrianneVogue,11aa22bb-33cc-44dd-55ee-66ff77aa88bb;c78d9e0f-1a2b-3c4d-5e6f-7a8b9c0d1e2f,,11aa22bb-33cc-44dd-55ee-66ff77aa88bb,,,11aa22bb-33cc-44dd-55ee-66ff77aa88bb;c78d9e0f-1a2b-3c4d-5e6f-7a8b9c0d1e2f,,,,
Text,CHAT,c9d0e1f2-a3b4-c5d6-e7f8-a9b0c1d2e3f4a5b6,904,903,,adrianneVogue,c78d9e0f-1a2b-3c4d-5e6f-7a8b9c0d1e2f,chloeStar,11aa22bb-33cc-44dd-55ee-66ff77aa88bb,"Manipulation? Chloe, that's a very ugly word. I prefer ""strategic positioning."" We're all adults here. Helena will choose based on talent, not social media presence. If you're threatened by my... proactive approach... maybe you should examine your own insecurities.",,TRUE,TRUE,Fri Mar 22 08:19:03 UTC 2024,chloeStar;adrianneVogue,11aa22bb-33cc-44dd-55ee-66ff77aa88bb;c78d9e0f-1a2b-3c4d-5e6f-7a8b9c0d1e2f,,c78d9e0f-1a2b-3c4d-5e6f-7a8b9c0d1e2f,11aa22bb-33cc-44dd-55ee-66ff77aa88bb,,11aa22bb-33cc-44dd-55ee-66ff77aa88bb;c78d9e0f-1a2b-3c4d-5e6f-7a8b9c0d1e2f,,,,
Text,CHAT,d0e1f2a3-b4c5-d6e7-f8a9-b0c1d2e3f4a5b6c7,1001,,,julianVance,a1b2c3d4-e5f6-a7b8-c9d0-e1f2a3b4c5d6,valentinaNoir,b56c7d8e-9f0a-1b2c-3d4e-5f6a7b8c9d0e,"Valentina, my darling nemesis. I heard through the grapevine that you didn't get into Helena's workshop. Such a pity. I'm sure it was... competitive.",,FALSE,TRUE,Sat Mar 23 14:30:17 UTC 2024,julianVance;valentinaNoir,a1b2c3d4-e5f6-a7b8-c9d0-e1f2a3b4c5d6;b56c7d8e-9f0a-1b2c-3d4e-5f6a7b8c9d0e,,,,,,,,,
Text,CHAT,d0e1f2a3-b4c5-d6e7-f8a9-b0c1d2e3f4a5b6c7,1002,1001,,valentinaNoir,b56c7d8e-9f0a-1b2c-3d4e-5f6a7b8c9d0e,julianVance,a1b2c3d4-e5f6-a7b8-c9d0-e1f2a3b4c5d6,"Julian. How thoughtful of you to check in. Yes, I didn't get in. Neither did you, I assume? Since you're here gloating instead of... oh, I don't know... preparing for the intensive?",,FALSE,TRUE,Sat Mar 23 14:31:34 UTC 2024,julianVance;valentinaNoir,a1b2c3d4-e5f6-a7b8-c9d0-e1f2a3b4c5d6;b56c7d8e-9f0a-1b2c-3d4e-5f6a7b8c9d0e,,,,,,,,,
Text,CHAT,d0e1f2a3-b4c5-d6e7-f8a9-b0c1d2e3f4a5b6c7,1003,1002,,julianVance,a1b2c3d4-e5f6-a7b8-c9d0-e1f2a3b4c5d6,valentinaNoir,b56c7d8e-9f0a-1b2c-3d4e-5f6a7b8c9d0e,"Actually, my dear, I DID get in. That's why I'm reaching out. Professional courtesy, you understand. I thought you should hear it from me rather than through the theater gossip mill. Helena was quite impressed with my raw vulnerability.",,TRUE,TRUE,Sat Mar 23 14:32:47 UTC 2024,julianVance;valentinaNoir,a1b2c3d4-e5f6-a7b8-c9d0-e1f2a3b4c5d6;b56c7d8e-9f0a-1b2c-3d4e-5f6a7b8c9d0e,,a1b2c3d4-e5f6-a7b8-c9d0-e1f2a3b4c5d6,b56c7d8e-9f0a-1b2c-3d4e-5f6a7b8c9d0e,,a1b2c3d4-e5f6-a7b8-c9d0-e1f2a3b4c5d6;b56c7d8e-9f0a-1b2c-3d4e-5f6a7b8c9d0e,,,,
Text,CHAT,d0e1f2a3-b4c5-d6e7-f8a9-b0c1d2e3f4a5b6c7,1004,1003,,valentinaNoir,b56c7d8e-9f0a-1b2c-3d4e-5f6a7b8c9d0e,julianVance,a1b2c3d4-e5f6-a7b8-c9d0-e1f2a3b4c5d6,"Your ""raw vulnerability""? Is that what we're calling your particular brand of networking now? Congratulations, Julian. I'm sure you'll learn so much. About acting. Specifically.",,TRUE,TRUE,Sat Mar 23 14:34:01 UTC 2024,julianVance;valentinaNoir,a1b2c3d4-e5f6-a7b8-c9d0-e1f2a3b4c5d6;b56c7d8e-9f0a-1b2c-3d4e-5f6a7b8c9d0e,,b56c7d8e-9f0a-1b2c-3d4e-5f6a7b8c9d0e,a1b2c3d4-e5f6-a7b8-c9d0-e1f2a3b4c5d6,,a1b2c3d4-e5f6-a7b8-c9d0-e1f2a3b4c5d6;b56c7d8e-9f0a-1b2c-3d4e-5f6a7b8c9d0e,,,,
Text,CHAT,e1f2a3b4-c5d6-e7f8-a9b0-c1d2e3f4a5b6c7d8,1101,,Final Curtain Call,isaDiva,f1a2b3c4-d5e6-f7a8-b9c0-d1e2f3a4b5c6,,,EVERYONE. Emergency meeting. Virtual or in person. NOW. Helena just announced the workshop results and there's been some... interesting developments that we need to discuss. IMMEDIATELY.,,TRUE,FALSE,Sun Mar 24 18:22:15 UTC 2024,isaDiva;valentinaNoir;chloeStar;seraphina;marcusTheMenace;adrianneVogue;julianVance,f1a2b3c4-d5e6-f7a8-b9c0-d1e2f3a4b5c6;b56c7d8e-9f0a-1b2c-3d4e-5f6a7b8c9d0e;11aa22bb-33cc-44dd-55ee-66ff77aa88bb;e67f8a9b-0c1d-2e3f-4a5b-6c7d8e9f0a1b;99zz88yy-77xx-66ww-55vv-44uu33tt22ss;c78d9e0f-1a2b-3c4d-5e6f-7a8b9c0d1e2f;a1b2c3d4-e5f6-a7b8-c9d0-e1f2a3b4c5d6,,,,f1a2b3c4-d5e6-f7a8-b9c0-d1e2f3a4b5c6;b56c7d8e-9f0a-1b2c-3d4e-5f6a7b8c9d0e;11aa22bb-33cc-44dd-55ee-66ff77aa88bb;e67f8a9b-0c1d-2e3f-4a5b-6c7d8e9f0a1b;99zz88yy-77xx-66ww-55vv-44uu33tt22ss;c78d9e0f-1a2b-3c4d-5e6f-7a8b9c0d1e2f;a1b2c3d4-e5f6-a7b8-c9d0-e1f2a3b4c5d6,,,,,
Text,CHAT,e1f2a3b4-c5d6-e7f8-a9b0-c1d2e3f4a5b6c7d8,1102,1101,Final Curtain Call,chloeStar,11aa22bb-33cc-44dd-55ee-66ff77aa88bb,,,Isabella you're scaring me. What happened? Did Julian not actually get in? Please tell me he lied about getting accepted because that would honestly restore my faith in the universe.,,TRUE,FALSE,Sun Mar 24 18:23:33 UTC 2024,isaDiva;valentinaNoir;chloeStar;seraphina;marcusTheMenace;adrianneVogue;julianVance,f1a2b3c4-d5e6-f7a8-b9c0-d1e2f3a4b5c6;b56c7d8e-9f0a-1b2c-3d4e-5f6a7b8c9d0e;11aa22bb-33cc-44dd-55ee-66ff77aa88bb;e67f8a9b-0c1d-2e3f-4a5b-6c7d8e9f0a1b;99zz88yy-77xx-66ww-55vv-44uu33tt22ss;c78d9e0f-1a2b-3c4d-5e6f-7a8b9c0d1e2f;a1b2c3d4-e5f6-a7b8-c9d0-e1f2a3b4c5d6,,11aa22bb-33cc-44dd-55ee-66ff77aa88bb,,,f1a2b3c4-d5e6-f7a8-b9c0-d1e2f3a4b5c6;b56c7d8e-9f0a-1b2c-3d4e-5f6a7b8c9d0e;11aa22bb-33cc-44dd-55ee-66ff77aa88bb;e67f8a9b-0c1d-2e3f-4a5b-6c7d8e9f0a1b;99zz88yy-77xx-66ww-55vv-44uu33tt22ss;c78d9e0f-1a2b-3c4d-5e6f-7a8b9c0d1e2f;a1b2c3d4-e5f6-a7b8-c9d0-e1f2a3b4c5d6,,,,
Text,CHAT,e1f2a3b4-c5d6-e7f8-a9b0-c1d2e3f4a5b6c7d8,1103,1102,Final Curtain Call,julianVance,a1b2c3d4-e5f6-a7b8-c9d0-e1f2a3b4c5d6,,,Oh ladies... you're going to hate this. I did get in. So did Marcus and Seraphina. But the real tea? Helena's assistant just called. Apparently someone's been spreading rumors about my... relationship... with Dominic. Helena's reconsidering my spot.,,TRUE,FALSE,Sun Mar 24 18:24:45 UTC 2024,isaDiva;valentinaNoir;chloeStar;seraphina;marcusTheMenace;adrianneVogue;julianVance,f1a2b3c4-d5e6-f7a8-b9c0-d1e2f3a4b5c6;b56c7d8e-9f0a-1b2c-3d4e-5f6a7b8c9d0e;11aa22bb-33cc-44dd-55ee-66ff77aa88bb;e67f8a9b-0c1d-2e3f-4a5b-6c7d8e9f0a1b;99zz88yy-77xx-66ww-55vv-44uu33tt22ss;c78d9e0f-1a2b-3c4d-5e6f-7a8b9c0d1e2f;a1b2c3d4-e5f6-a7b8-c9d0-e1f2a3b4c5d6,,a1b2c3d4-e5f6-a7b8-c9d0-e1f2a3b4c5d6,,,f1a2b3c4-d5e6-f7a8-b9c0-d1e2f3a4b5c6;b56c7d8e-9f0a-1b2c-3d4e-5f6a7b8c9d0e;11aa22bb-33cc-44dd-55ee-66ff77aa88bb;e67f8a9b-0c1d-2e3f-4a5b-6c7d8e9f0a1b;99zz88yy-77xx-66ww-55vv-44uu33tt22ss;c78d9e0f-1a2b-3c4d-5e6f-7a8b9c0d1e2f;a1b2c3d4-e5f6-a7b8-c9d0-e1f2a3b4c5d6,,,,
Text,CHAT,e1f2a3b4-c5d6-e7f8-a9b0-c1d2e3f4a5b6c7d8,1104,1103,Final Curtain Call,valentinaNoir,b56c7d8e-9f0a-1b2c-3d4e-5f6a7b8c9d0e,,,Julian... darling... I hope you're not implying that I had anything to do with those rumors. Because that would be a very serious accusation. And also very hypocritical considering your own... history... of strategic information sharing.,,TRUE,FALSE,Sun Mar 24 18:25:52 UTC 2024,isaDiva;valentinaNoir;chloeStar;seraphina;marcusTheMenace;adrianneVogue;julianVance,f1a2b3c4-d5e6-f7a8-b9c0-d1e2f3a4b5c6;b56c7d8e-9f0a-1b2c-3d4e-5f6a7b8c9d0e;11aa22bb-33cc-44dd-55ee-66ff77aa88bb;e67f8a9b-0c1d-2e3f-4a5b-6c7d8e9f0a1b;99zz88yy-77xx-66ww-55vv-44uu33tt22ss;c78d9e0f-1a2b-3c4d-5e6f-7a8b9c0d1e2f;a1b2c3d4-e5f6-a7b8-c9d0-e1f2a3b4c5d6,,b56c7d8e-9f0a-1b2c-3d4e-5f6a7b8c9d0e,a1b2c3d4-e5f6-a7b8-c9d0-e1f2a3b4c5d6,,f1a2b3c4-d5e6-f7a8-b9c0-d1e2f3a4b5c6;b56c7d8e-9f0a-1b2c-3d4e-5f6a7b8c9d0e;11aa22bb-33cc-44dd-55ee-66ff77aa88bb;e67f8a9b-0c1d-2e3f-4a5b-6c7d8e9f0a1b;99zz88yy-77xx-66ww-55vv-44uu33tt22ss;c78d9e0f-1a2b-3c4d-5e6f-7a8b9c0d1e2f;a1b2c3d4-e5f6-a7b8-c9d0-e1f2a3b4c5d6,,,,
Text,CHAT,e1f2a3b4-c5d6-e7f8-a9b0-c1d2e3f4a5b6c7d8,1105,1104,Final Curtain Call,isaDiva,f1a2b3c4-d5e6-f7a8-b9c0-d1e2f3a4b5c6,,,STOP. Both of you. This is exactly what I was afraid would happen. The industry is small enough without us destroying each other over a workshop. Julian - did Helena actually say she's reconsidering? Or is this just paranoia?,,TRUE,FALSE,Sun Mar 24 18:26:59 UTC 2024,isaDiva;valentinaNoir;chloeStar;seraphina;marcusTheMenace;adrianneVogue;julianVance,f1a2b3c4-d5e6-f7a8-b9c0-d1e2f3a4b5c6;b56c7d8e-9f0a-1b2c-3d4e-5f6a7b8c9d0e;11aa22bb-33cc-44dd-55ee-66ff77aa88bb;e67f8a9b-0c1d-2e3f-4a5b-6c7d8e9f0a1b;99zz88yy-77xx-66ww-55vv-44uu33tt22ss;c78d9e0f-1a2b-3c4d-5e6f-7a8b9c0d1e2f;a1b2c3d4-e5f6-a7b8-c9d0-e1f2a3b4c5d6,,f1a2b3c4-d5e6-f7a8-b9c0-d1e2f3a4b5c6,,,f1a2b3c4-d5e6-f7a8-b9c0-d1e2f3a4b5c6;b56c7d8e-9f0a-1b2c-3d4e-5f6a7b8c9d0e;11aa22bb-33cc-44dd-55ee-66ff77aa88bb;e67f8a9b-0c1d-2e3f-4a5b-6c7d8e9f0a1b;99zz88yy-77xx-66ww-55vv-44uu33tt22ss;c78d9e0f-1a2b-3c4d-5e6f-7a8b9c0d1e2f;a1b2c3d4-e5f6-a7b8-c9d0-e1f2a3b4c5d6,,,,
Text,CHAT,e1f2a3b4-c5d6-e7f8-a9b0-c1d2e3f4a5b6c7d8,1106,1105,Final Curtain Call,marcusTheMenace,99zz88yy-77xx-66ww-55vv-44uu33tt22ss,,,This is all becoming very unseemly. The art suffers when artists attack each other. Perhaps we should focus on the real question: who among us has the strength to rise above this petty drama and truly commit to the craft?,,TRUE,FALSE,Sun Mar 24 18:28:07 UTC 2024,isaDiva;valentinaNoir;chloeStar;seraphina;marcusTheMenace;adrianneVogue;julianVance,f1a2b3c4-d5e6-f7a8-b9c0-d1e2f3a4b5c6;b56c7d8e-9f0a-1b2c-3d4e-5f6a7b8c9d0e;11aa22bb-33cc-44dd-55ee-66ff77aa88bb;e67f8a9b-0c1d-2e3f-4a5b-6c7d8e9f0a1b;99zz88yy-77xx-66ww-55vv-44uu33tt22ss;c78d9e0f-1a2b-3c4d-5e6f-7a8b9c0d1e2f;a1b2c3d4-e5f6-a7b8-c9d0-e1f2a3b4c5d6,f1a2b3c4-d5e6-f7a8-b9c0-d1e2f3a4b5c6-7,99zz88yy-77xx-66ww-55vv-44uu33tt22ss,,,f1a2b3c4-d5e6-f7a8-b9c0-d1e2f3a4b5c6;b56c7d8e-9f0a-1b2c-3d4e-5f6a7b8c9d0e;11aa22bb-33cc-44dd-55ee-66ff77aa88bb;e67f8a9b-0c1d-2e3f-4a5b-6c7d8e9f0a1b;99zz88yy-77xx-66ww-55vv-44uu33tt22ss;c78d9e0f-1a2b-3c4d-5e6f-7a8b9c0d1e2f;a1b2c3d4-e5f6-a7b8-c9d0-e1f2a3b4c5d6,,,,
Text,CHAT,e1f2a3b4-c5d6-e7f8-a9b0-c1d2e3f4a5b6c7d8,1107,1106,Final Curtain Call,seraphina,e67f8a9b-0c1d-2e3f-4a5b-6c7d8e9f0a1b,,,Marcus makes a good point. But Julian - you need to be honest with us. What exactly did Helena's assistant say? Word for word. Because if someone really is sabotaging you... that's not okay. Even if we all have... complicated feelings about your methods.,,TRUE,FALSE,Sun Mar 24 18:29:14 UTC 2024,isaDiva;valentinaNoir;chloeStar;seraphina;marcusTheMenace;adrianneVogue;julianVance,f1a2b3c4-d5e6-f7a8-b9c0-d1e2f3a4b5c6;b56c7d8e-9f0a-1b2c-3d4e-5f6a7b8c9d0e;11aa22bb-33cc-44dd-55ee-66ff77aa88bb;e67f8a9b-0c1d-2e3f-4a5b-6c7d8e9f0a1b;99zz88yy-77xx-66ww-55vv-44uu33tt22ss;c78d9e0f-1a2b-3c4d-5e6f-7a8b9c0d1e2f;a1b2c3d4-e5f6-a7b8-c9d0-e1f2a3b4c5d6,,e67f8a9b-0c1d-2e3f-4a5b-6c7d8e9f0a1b,,,f1a2b3c4-d5e6-f7a8-b9c0-d1e2f3a4b5c6;b56c7d8e-9f0a-1b2c-3d4e-5f6a7b8c9d0e;11aa22bb-33cc-44dd-55ee-66ff77aa88bb;e67f8a9b-0c1d-2e3f-4a5b-6c7d8e9f0a1b;99zz88yy-77xx-66ww-55vv-44uu33tt22ss;c78d9e0f-1a2b-3c4d-5e6f-7a8b9c0d1e2f;a1b2c3d4-e5f6-a7b8-c9d0-e1f2a3b4c5d6,,,,
Text,CHAT,e1f2a3b4-c5d6-e7f8-a9b0-c1d2e3f4a5b6c7d8,1108,1107,Final Curtain Call,adrianneVogue,c78d9e0f-1a2b-3c4d-5e6f-7a8b9c0d1e2f,,,I can't believe I'm saying this but... Seraphina's right. Julian. we may have our differences but if someone is actively trying to destroy your career over personal relationships... that crosses a line. We need to know who we're dealing with.,,TRUE,FALSE,Sun Mar 24 18:30:22 UTC 2024,isaDiva;valentinaNoir;chloeStar;seraphina;marcusTheMenace;adrianneVogue;julianVance,f1a2b3c4-d5e6-f7a8-b9c0-d1e2f3a4b5c6;b56c7d8e-9f0a-1b2c-3d4e-5f6a7b8c9d0e;11aa22bb-33cc-44dd-55ee-66ff77aa88bb;e67f8a9b-0c1d-2e3f-4a5b-6c7d8e9f0a1b;99zz88yy-77xx-66ww-55vv-44uu33tt22ss;c78d9e0f-1a2b-3c4d-5e6f-7a8b9c0d1e2f;a1b2c3d4-e5f6-a7b8-c9d0-e1f2a3b4c5d6,,c78d9e0f-1a2b-3c4d-5e6f-7a8b9c0d1e2f,,,f1a2b3c4-d5e6-f7a8-b9c0-d1e2f3a4b5c6;b56c7d8e-9f0a-1b2c-3d4e-5f6a7b8c9d0e;11aa22bb-33cc-44dd-55ee-66ff77aa88bb;e67f8a9b-0c1d-2e3f-4a5b-6c7d8e9f0a1b;99zz88yy-77xx-66ww-55vv-44uu33tt22ss;c78d9e0f-1a2b-3c4d-5e6f-7a8b9c0d1e2f;a1b2c3d4-e5f6-a7b8-c9d0-e1f2a3b4c5d6,,,,
Text,CHAT,e1f2a3b4-c5d6-e7f8-a9b0-c1d2e3f4a5b6c7d8,1109,1108,Final Curtain Call,julianVance,a1b2c3d4-e5f6-a7b8-c9d0-e1f2a3b4c5d6,,,Fine. Her assistant said... and I quote... 'Helena has received some concerning information about your professional conduct and feels it may reflect poorly on the workshop's reputation.' They want me to provide character references. PROFESSIONAL character references. From industry people.,,TRUE,FALSE,Sun Mar 24 18:31:35 UTC 2024,isaDiva;valentinaNoir;chloeStar;seraphina;marcusTheMenace;adrianneVogue;julianVance,f1a2b3c4-d5e6-f7a8-b9c0-d1e2f3a4b5c6;b56c7d8e-9f0a-1b2c-3d4e-5f6a7b8c9d0e;11aa22bb-33cc-44dd-55ee-66ff77aa88bb;e67f8a9b-0c1d-2e3f-4a5b-6c7d8e9f0a1b;99zz88yy-77xx-66ww-55vv-44uu33tt22ss;c78d9e0f-1a2b-3c4d-5e6f-7a8b9c0d1e2f;a1b2c3d4-e5f6-a7b8-c9d0-e1f2a3b4c5d6,,a1b2c3d4-e5f6-a7b8-c9d0-e1f2a3b4c5d6,,,f1a2b3c4-d5e6-f7a8-b9c0-d1e2f3a4b5c6;b56c7d8e-9f0a-1b2c-3d4e-5f6a7b8c9d0e;11aa22bb-33cc-44dd-55ee-66ff77aa88bb;e67f8a9b-0c1d-2e3f-4a5b-6c7d8e9f0a1b;99zz88yy-77xx-66ww-55vv-44uu33tt22ss;c78d9e0f-1a2b-3c4d-5e6f-7a8b9c0d1e2f;a1b2c3d4-e5f6-a7b8-c9d0-e1f2a3b4c5d6,,,,
Text,CHAT,e1f2a3b4-c5d6-e7f8-a9b0-c1d2e3f4a5b6c7d8,1110,1109,Final Curtain Call,chloeStar,11aa22bb-33cc-44dd-55ee-66ff77aa88bb,,,That's... actually not that bad? I mean it's not great but they're giving you a chance to defend yourself. And honestly Julian... we can all provide character references. Whatever our personal drama... you're a talented actor. That part has never been in question.,,TRUE,FALSE,Sun Mar 24 18:32:43 UTC 2024,isaDiva;valentinaNoir;chloeStar;seraphina;marcusTheMenace;adrianneVogue;julianVance,f1a2b3c4-d5e6-f7a8-b9c0-d1e2f3a4b5c6;b56c7d8e-9f0a-1b2c-3d4e-5f6a7b8c9d0e;11aa22bb-33cc-44dd-55ee-66ff77aa88bb;e67f8a9b-0c1d-2e3f-4a5b-6c7d8e9f0a1b;99zz88yy-77xx-66ww-55vv-44uu33tt22ss;c78d9e0f-1a2b-3c4d-5e6f-7a8b9c0d1e2f;a1b2c3d4-e5f6-a7b8-c9d0-e1f2a3b4c5d6,,11aa22bb-33cc-44dd-55ee-66ff77aa88bb,a1b2c3d4-e5f6-a7b8-c9d0-e1f2a3b4c5d6,,f1a2b3c4-d5e6-f7a8-b9c0-d1e2f3a4b5c6;b56c7d8e-9f0a-1b2c-3d4e-5f6a7b8c9d0e;11aa22bb-33cc-44dd-55ee-66ff77aa88bb;e67f8a9b-0c1d-2e3f-4a5b-6c7d8e9f0a1b;99zz88yy-77xx-66ww-55vv-44uu33tt22ss;c78d9e0f-1a2b-3c4d-5e6f-7a8b9c0d1e2f;a1b2c3d4-e5f6-a7b8-c9d0-e1f2a3b4c5d6,,,,
Text,CHAT,e1f2a3b4-c5d6-e7f8-a9b0-c1d2e3f4a5b6c7d8,1111,1110,Final Curtain Call,valentinaNoir,b56c7d8e-9f0a-1b2c-3d4e-5f6a7b8c9d0e,,,Chloe's right. Julian... despite everything... you're one of the most dedicated actors I know. I'll write a reference. We may compete against each other but we don't destroy each other. That's not who we are.,,TRUE,FALSE,Sun Mar 24 18:33:51 UTC 2024,isaDiva;valentinaNoir;chloeStar;seraphina;marcusTheMenace;adrianneVogue;julianVance,f1a2b3c4-d5e6-f7a8-b9c0-d1e2f3a4b5c6;b56c7d8e-9f0a-1b2c-3d4e-5f6a7b8c9d0e;11aa22bb-33cc-44dd-55ee-66ff77aa88bb;e67f8a9b-0c1d-2e3f-4a5b-6c7d8e9f0a1b;99zz88yy-77xx-66ww-55vv-44uu33tt22ss;c78d9e0f-1a2b-3c4d-5e6f-7a8b9c0d1e2f;a1b2c3d4-e5f6-a7b8-c9d0-e1f2a3b4c5d6,a1b2c3d4-e5f6-a7b8-c9d0-e1f2a3b4c5d6-1,b56c7d8e-9f0a-1b2c-3d4e-5f6a7b8c9d0e,,,f1a2b3c4-d5e6-f7a8-b9c0-d1e2f3a4b5c6;b56c7d8e-9f0a-1b2c-3d4e-5f6a7b8c9d0e;11aa22bb-33cc-44dd-55ee-66ff77aa88bb;e67f8a9b-0c1d-2e3f-4a5b-6c7d8e9f0a1b;99zz88yy-77xx-66ww-55vv-44uu33tt22ss;c78d9e0f-1a2b-3c4d-5e6f-7a8b9c0d1e2f;a1b2c3d4-e5f6-a7b8-c9d0-e1f2a3b4c5d6,,,,
Text,CHAT,e1f2a3b4-c5d6-e7f8-a9b0-c1d2e3f4a5b6c7d8,1112,1111,Final Curtain Call,isaDiva,f1a2b3c4-d5e6-f7a8-b9c0-d1e2f3a4b5c6,,,I'm in too. We'll all write references. But Julian... this needs to be a wake-up call. Not about your talent - that's never been in question. But about... well... how you navigate the business side of things. Maybe it's time for a different approach?,,TRUE,FALSE,Sun Mar 24 18:35:02 UTC 2024,isaDiva;valentinaNoir;chloeStar;seraphina;marcusTheMenace;adrianneVogue;julianVance,f1a2b3c4-d5e6-f7a8-b9c0-d1e2f3a4b5c6;b56c7d8e-9f0a-1b2c-3d4e-5f6a7b8c9d0e;11aa22bb-33cc-44dd-55ee-66ff77aa88bb;e67f8a9b-0c1d-2e3f-4a5b-6c7d8e9f0a1b;99zz88yy-77xx-66ww-55vv-44uu33tt22ss;c78d9e0f-1a2b-3c4d-5e6f-7a8b9c0d1e2f;a1b2c3d4-e5f6-a7b8-c9d0-e1f2a3b4c5d6,,f1a2b3c4-d5e6-f7a8-b9c0-d1e2f3a4b5c6,,,f1a2b3c4-d5e6-f7a8-b9c0-d1e2f3a4b5c6;b56c7d8e-9f0a-1b2c-3d4e-5f6a7b8c9d0e;11aa22bb-33cc-44dd-55ee-66ff77aa88bb;e67f8a9b-0c1d-2e3f-4a5b-6c7d8e9f0a1b;99zz88yy-77xx-66ww-55vv-44uu33tt22ss;c78d9e0f-1a2b-3c4d-5e6f-7a8b9c0d1e2f;a1b2c3d4-e5f6-a7b8-c9d0-e1f2a3b4c5d6,,,,
Text,CHAT,e1f2a3b4-c5d6-e7f8-a9b0-c1d2e3f4a5b6c7d8,1113,1112,Final Curtain Call,julianVance,a1b2c3d4-e5f6-a7b8-c9d0-e1f2a3b4c5d6,,,You know what... you're all right. I've been so focused on getting ahead that I forgot about the people around me. Thank you. For the references- yes- but also for... this. For showing me that competition doesn't have to mean destruction. I owe you all apologies. Many apologies.,,TRUE,FALSE,Sun Mar 24 18:36:14 UTC 2024,isaDiva;valentinaNoir;chloeStar;seraphina;marcusTheMenace;adrianneVogue;julianVance,f1a2b3c4-d5e6-f7a8-b9c0-d1e2f3a4b5c6;b56c7d8e-9f0a-1b2c-3d4e-5f6a7b8c9d0e;11aa22bb-33cc-44dd-55ee-66ff77aa88bb;e67f8a9b-0c1d-2e3f-4a5b-6c7d8e9f0a1b;99zz88yy-77xx-66ww-55vv-44uu33tt22ss;c78d9e0f-1a2b-3c4d-5e6f-7a8b9c0d1e2f;a1b2c3d4-e5f6-a7b8-c9d0-e1f2a3b4c5d6,,a1b2c3d4-e5f6-a7b8-c9d0-e1f2a3b4c5d6,,,f1a2b3c4-d5e6-f7a8-b9c0-d1e2f3a4b5c6;b56c7d8e-9f0a-1b2c-3d4e-5f6a7b8c9d0e;11aa22bb-33cc-44dd-55ee-66ff77aa88bb;e67f8a9b-0c1d-2e3f-4a5b-6c7d8e9f0a1b;99zz88yy-77xx-66ww-55vv-44uu33tt22ss;c78d9e0f-1a2b-3c4d-5e6f-7a8b9c0d1e2f;a1b2c3d4-e5f6-a7b8-c9d0-e1f2a3b4c5d6,,,,
Text,CHAT,e1f2a3b4-c5d6-e7f8-a9b0-c1d2e3f4a5b6c7d8,1114,1113,Final Curtain Call,marcusTheMenace,99zz88yy-77xx-66ww-55vv-44uu33tt22ss,,,This... this is what true artistry looks like. Not the performing. This. The vulnerability. The honesty. The willingness to change. Julian- you've just given your best performance yet. Helena would be impressed.,,TRUE,FALSE,Sun Mar 24 18:37:23 UTC 2024,isaDiva;valentinaNoir;chloeStar;seraphina;marcusTheMenace;adrianneVogue;julianVance,f1a2b3c4-d5e6-f7a8-b9c0-d1e2f3a4b5c6;b56c7d8e-9f0a-1b2c-3d4e-5f6a7b8c9d0e;11aa22bb-33cc-44dd-55ee-66ff77aa88bb;e67f8a9b-0c1d-2e3f-4a5b-6c7d8e9f0a1b;99zz88yy-77xx-66ww-55vv-44uu33tt22ss;c78d9e0f-1a2b-3c4d-5e6f-7a8b9c0d1e2f;a1b2c3d4-e5f6-a7b8-c9d0-e1f2a3b4c5d6,a1b2c3d4-e5f6-a7b8-c9d0-e1f2a3b4c5d6-1,99zz88yy-77xx-66ww-55vv-44uu33tt22ss,,,f1a2b3c4-d5e6-f7a8-b9c0-d1e2f3a4b5c6;b56c7d8e-9f0a-1b2c-3d4e-5f6a7b8c9d0e;11aa22bb-33cc-44dd-55ee-66ff77aa88bb;e67f8a9b-0c1d-2e3f-4a5b-6c7d8e9f0a1b;99zz88yy-77xx-66ww-55vv-44uu33tt22ss;c78d9e0f-1a2b-3c4d-5e6f-7a8b9c0d1e2f;a1b2c3d4-e5f6-a7b8-c9d0-e1f2a3b4c5d6,,,,
Text,CHAT,e1f2a3b4-c5d6-e7f8-a9b0-c1d2e3f4a5b6c7d8,1115,1114,Final Curtain Call,seraphina,e67f8a9b-0c1d-2e3f-4a5b-6c7d8e9f0a1b,,,Okay everyone. Group meeting next week to plan our collective world domination? Because if we can survive all this drama and still come together... we're unstoppable. And Julian? You get the workshop. We'll make sure of it.,,TRUE,FALSE,Sun Mar 24 18:38:31 UTC 2024,isaDiva;valentinaNoir;chloeStar;seraphina;marcusTheMenace;adrianneVogue;julianVance,f1a2b3c4-d5e6-f7a8-b9c0-d1e2f3a4b5c6;b56c7d8e-9f0a-1b2c-3d4e-5f6a7b8c9d0e;11aa22bb-33cc-44dd-55ee-66ff77aa88bb;e67f8a9b-0c1d-2e3f-4a5b-6c7d8e9f0a1b;99zz88yy-77xx-66ww-55vv-44uu33tt22ss;c78d9e0f-1a2b-3c4d-5e6f-7a8b9c0d1e2f;a1b2c3d4-e5f6-a7b8-c9d0-e1f2a3b4c5d6,,e67f8a9b-0c1d-2e3f-4a5b-6c7d8e9f0a1b,,,f1a2b3c4-d5e6-f7a8-b9c0-d1e2f3a4b5c6;b56c7d8e-9f0a-1b2c-3d4e-5f6a7b8c9d0e;11aa22bb-33cc-44dd-55ee-66ff77aa88bb;e67f8a9b-0c1d-2e3f-4a5b-6c7d8e9f0a1b;99zz88yy-77xx-66ww-55vv-44uu33tt22ss;c78d9e0f-1a2b-3c4d-5e6f-7a8b9c0d1e2f;a1b2c3d4-e5f6-a7b8-c9d0-e1f2a3b4c5d6,,,,
Text,CHAT,e1f2a3b4-c5d6-e7f8-a9b0-c1d2e3f4a5b6c7d8,1116,1115,Final Curtain Call,adrianneVogue,c78d9e0f-1a2b-3c4d-5e6f-7a8b9c0d1e2f,,,World domination sounds perfect. But first - drinks? Real ones this time- not whatever that champagne disaster was at the premiere? We've earned it. All of us.,,TRUE,FALSE,Sun Mar 24 18:39:44 UTC 2024,isaDiva;valentinaNoir;chloeStar;seraphina;marcusTheMenace;adrianneVogue;julianVance,f1a2b3c4-d5e6-f7a8-b9c0-d1e2f3a4b5c6;b56c7d8e-9f0a-1b2c-3d4e-5f6a7b8c9d0e;11aa22bb-33cc-44dd-55ee-66ff77aa88bb;e67f8a9b-0c1d-2e3f-4a5b-6c7d8e9f0a1b;99zz88yy-77xx-66ww-55vv-44uu33tt22ss;c78d9e0f-1a2b-3c4d-5e6f-7a8b9c0d1e2f;a1b2c3d4-e5f6-a7b8-c9d0-e1f2a3b4c5d6,f1a2b3c4-d5e6-f7a8-b9c0-d1e2f3a4b5c6-1,c78d9e0f-1a2b-3c4d-5e6f-7a8b9c0d1e2f,,,f1a2b3c4-d5e6-f7a8-b9c0-d1e2f3a4b5c6;b56c7d8e-9f0a-1b2c-3d4e-5f6a7b8c9d0e;11aa22bb-33cc-44dd-55ee-66ff77aa88bb;e67f8a9b-0c1d-2e3f-4a5b-6c7d8e9f0a1b;99zz88yy-77xx-66ww-55vv-44uu33tt22ss;c78d9e0f-1a2b-3c4d-5e6f-7a8b9c0d1e2f;a1b2c3d4-e5f6-a7b8-c9d0-e1f2a3b4c5d6,,,,
Text,CHAT,e1f2a3b4-c5d6-e7f8-a9b0-c1d2e3f4a5b6c7d8,1117,1116,Final Curtain Call,isaDiva,f1a2b3c4-d5e6-f7a8-b9c0-d1e2f3a4b5c6,,,Drinks it is! And you know what? For the first time in months I'm actually excited about this crazy and dramatic and impossible industry we've chosen. Because we have each other. And that's... that's actually kind of beautiful.,,TRUE,FALSE,Sun Mar 24 18:40:55 UTC 2024,isaDiva;valentinaNoir;chloeStar;seraphina;marcusTheMenace;adrianneVogue;julianVance,f1a2b3c4-d5e6-f7a8-b9c0-d1e2f3a4b5c6;b56c7d8e-9f0a-1b2c-3d4e-5f6a7b8c9d0e;11aa22bb-33cc-44dd-55ee-66ff77aa88bb;e67f8a9b-0c1d-2e3f-4a5b-6c7d8e9f0a1b;99zz88yy-77xx-66ww-55vv-44uu33tt22ss;c78d9e0f-1a2b-3c4d-5e6f-7a8b9c0d1e2f;a1b2c3d4-e5f6-a7b8-c9d0-e1f2a3b4c5d6,c78d9e0f-1a2b-3c4d-5e6f-7a8b9c0d1e2f-1,f1a2b3c4-d5e6-f7a8-b9c0-d1e2f3a4b5c6,,,f1a2b3c4-d5e6-f7a8-b9c0-d1e2f3a4b5c6;b56c7d8e-9f0a-1b2c-3d4e-5f6a7b8c9d0e;11aa22bb-33cc-44dd-55ee-66ff77aa88bb;e67f8a9b-0c1d-2e3f-4a5b-6c7d8e9f0a1b;99zz88yy-77xx-66ww-55vv-44uu33tt22ss;c78d9e0f-1a2b-3c4d-5e6f-7a8b9c0d1e2f;a1b2c3d4-e5f6-a7b8-c9d0-e1f2a3b4c5d6,,,,
Text,CHAT,f2a3b4c5-d6e7-f8a9-b0c1-d2e3f4a5b6c7d8e9,1201,,,helenaRavencroft,f56g7h8i-9j0k-1l2m-3n4o-5p6q7r8s9t0u,julianVance,a1b2c3d4-e5f6-a7b8-c9d0-e1f2a3b4c5d6,"Julian. I've received your character references. All seven of them. Quite impressive how quickly your colleagues rallied around you. It speaks well of your character, despite the... complications. Your spot is secure.",,FALSE,TRUE,Mon Mar 25 09:15:30 UTC 2024,helenaRavencroft;julianVance,f56g7h8i-9j0k-1l2m-3n4o-5p6q7r8s9t0u;a1b2c3d4-e5f6-a7b8-c9d0-e1f2a3b4c5d6,,,,,,,,,
Text,CHAT,f2a3b4c5-d6e7-f8a9-b0c1-d2e3f4a5b6c7d8e9,1202,1201,,julianVance,a1b2c3d4-e5f6-a7b8-c9d0-e1f2a3b4c5d6,helenaRavencroft,f56g7h8i-9j0k-1l2m-3n4o-5p6q7r8s9t0u,Helena. Thank you. I... I can't express how much this means to me. And you're right about my colleagues. They taught me something important about what really matters in this business. I won't let you down.,,FALSE,TRUE,Mon Mar 25 09:17:41 UTC 2024,helenaRavencroft;julianVance,f56g7h8i-9j0k-1l2m-3n4o-5p6q7r8s9t0u;a1b2c3d4-e5f6-a7b8-c9d0-e1f2a3b4c5d6,,,,,,,,,
